station,time_end,temp_2m_max [degC],temp_2m_min [degC],temp_2m_avg [degC],relative_humidity_max [percent],relative_humidity_min [percent],relative_humidity_avg [percent],precip_incremental [mm],precip_local [mm],wind_speed_prop_avg [m/s],wind_speed_prop_max [m/s],wind_direction_prop_avg [degrees],wind_speed_sonic_avg [m/s],wind_speed_sonic_max [m/s],wind_direction_sonic_avg [degrees],solar_insolation_avg [W/m^2],station_pressure_max [mbar],station_pressure_min [mbar],station_pressure_avg [mbar],solar_insolation_total [MJ/m^2]
HFAL,2018-07-01 01:00:00 EDT,26.8,26.2,26.5,68.1,65.3,66.4,0.00,0.00,1.1,3.7,225.8,1.4,5.5,227.7,0,993.63,993.25,993.49,0.0
HFAL,2018-07-01 02:00:00 EDT,27.0,25.4,26.4,71.6,65.6,67.8,0.00,0.00,1.2,4.1,216.8,1.4,5.7,218.9,0,993.27,992.90,993.13,0.0
HFAL,2018-07-01 03:00:00 EDT,25.6,22.2,23.7,87.2,71.0,78.9,0.00,0.00,0.6,2.6,271.4,0.8,3.7,271.3,0,993.31,993.15,993.23,0.0
HFAL,2018-07-01 04:00:00 EDT,22.5,22.0,22.2,88.0,85.9,86.9,0.00,0.00,0.4,1.8,230.4,0.5,2.3,234.7,0,993.86,993.28,993.65,0.0
HFAL,2018-07-01 05:00:00 EDT,22.3,21.8,22.1,88.5,87.0,87.7,0.00,0.00,0.9,3.0,219.8,1.0,3.8,221.7,0,994.34,993.84,994.05,0.0
HFAL,2018-07-01 06:00:00 EDT,22.8,22.0,22.4,87.5,84.4,86.0,0.00,0.00,0.6,2.9,209.1,0.8,3.0,209.7,8,994.60,994.40,994.52,0.0
HFAL,2018-07-01 07:00:00 EDT,23.0,22.2,22.7,87.5,82.6,85.2,0.00,0.00,0.6,4.3,212.9,0.8,4.6,212.3,62,994.91,994.62,994.70,0.2
HFAL,2018-07-01 08:00:00 EDT,24.1,22.8,23.5,86.4,80.4,84.0,0.00,0.00,0.2,1.0,58.8,0.4,1.2,52.5,154,995.08,994.89,994.99,0.6
HFAL,2018-07-01 09:00:00 EDT,26.3,24.2,25.0,79.7,71.1,76.9,0.00,0.00,0.3,1.9,330.8,0.5,2.5,338.4,396,995.26,994.93,995.09,1.4
HFAL,2018-07-01 10:00:00 EDT,27.6,26.4,27.1,71.6,69.5,70.6,0.00,0.00,0.9,3.4,224.2,1.1,4.1,226.3,473,995.29,995.13,995.23,1.7
HFAL,2018-07-01 11:00:00 EDT,29.3,27.7,28.5,69.6,66.3,67.8,0.00,0.00,0.6,3.0,251.4,0.8,3.1,258.2,547,995.23,995.04,995.09,2.0
HFAL,2018-07-01 12:00:00 EDT,30.2,29.1,29.4,72.3,66.0,68.5,0.00,0.00,0.6,3.1,204.8,0.8,3.8,212.0,564,995.30,995.03,995.17,2.0
HFAL,2018-07-01 13:00:00 EDT,31.6,30.4,31.1,65.0,60.2,62.4,0.00,0.00,1.3,4.2,190.0,1.6,4.8,190.4,867,995.02,994.59,994.85,3.1
HFAL,2018-07-01 14:00:00 EDT,32.3,31.5,31.8,59.9,56.2,58.3,0.00,0.00,2.0,4.9,179.9,2.4,5.9,180.7,871,994.58,994.23,994.37,3.1
HFAL,2018-07-01 15:00:00 EDT,32.5,31.7,32.2,57.5,53.8,56.0,0.00,0.00,2.0,4.4,190.8,2.4,5.3,192.2,771,994.18,993.73,993.94,2.8
HFAL,2018-07-01 16:00:00 EDT,32.7,32.4,32.6,58.9,55.6,57.4,0.00,0.00,2.1,4.9,182.5,2.5,5.6,183.3,724,993.70,993.50,993.54,2.6
HFAL,2018-07-01 17:00:00 EDT,32.8,32.6,32.7,58.4,56.1,57.5,0.00,0.00,2.2,4.7,181.4,2.6,5.4,183.0,594,993.49,993.30,993.41,2.1
HFAL,2018-07-01 18:00:00 EDT,32.6,32.1,32.4,59.4,57.3,58.2,0.00,0.00,2.4,5.6,181.4,2.9,6.6,182.9,432,993.34,992.93,993.13,1.6
HFAL,2018-07-01 19:00:00 EDT,32.0,31.2,31.6,61.7,58.9,60.3,0.00,0.00,2.6,5.5,176.4,3.0,6.6,177.6,260,993.06,992.93,992.99,0.9
HFAL,2018-07-01 20:00:00 EDT,31.1,30.1,30.6,63.3,60.3,61.6,0.00,0.00,2.2,5.5,174.1,2.6,7.1,176.1,88,993.08,992.93,993.00,0.3
HFAL,2018-07-01 21:00:00 EDT,30.1,28.1,28.9,69.9,62.5,66.9,0.00,0.00,1.0,3.9,193.9,1.2,5.9,195.9,8,993.51,993.09,993.29,0.0
HFAL,2018-07-01 22:00:00 EDT,28.4,27.3,27.9,71.9,67.0,68.5,0.00,0.00,1.0,2.2,193.5,1.2,2.5,195.4,0,994.14,993.44,993.76,0.0
HFAL,2018-07-01 23:00:00 EDT,27.8,26.0,27.1,74.5,68.0,71.1,0.00,0.00,1.0,2.2,184.3,1.2,2.8,185.1,0,994.26,994.13,994.21,0.0
HFAL,2018-07-02 00:00:00 EDT,27.0,26.2,26.6,76.3,72.3,74.4,0.00,0.00,1.1,2.1,184.0,1.2,2.4,185.2,0,994.61,994.28,994.51,0.0
HFAL,2018-07-02 01:00:00 EDT,26.7,25.0,26.2,77.9,72.8,74.7,0.00,0.00,0.8,2.6,191.8,1.0,3.3,193.8,0,994.71,994.58,994.61,0.0
HFAL,2018-07-02 02:00:00 EDT,26.4,24.2,24.9,81.9,73.7,79.4,0.00,0.00,0.6,2.0,212.5,0.7,2.7,214.1,0,994.74,994.62,994.68,0.0
HFAL,2018-07-02 03:00:00 EDT,26.9,24.2,25.6,79.2,70.6,74.7,0.00,0.00,0.6,1.9,200.0,0.7,2.6,200.6,0,994.64,994.50,994.58,0.0
HFAL,2018-07-02 04:00:00 EDT,25.0,23.1,24.2,83.6,74.7,78.5,0.00,0.00,0.5,1.5,187.4,0.7,2.1,187.9,0,994.54,994.27,994.39,0.0
HFAL,2018-07-02 05:00:00 EDT,23.0,21.5,22.2,91.0,85.0,88.5,0.00,0.00,0.3,1.3,158.2,0.4,1.5,158.0,0,994.67,994.53,994.59,0.0
HFAL,2018-07-02 06:00:00 EDT,22.1,21.2,21.7,91.3,88.0,89.7,0.00,0.00,0.4,1.3,125.0,0.5,1.5,129.0,7,995.05,994.63,994.77,0.0
HFAL,2018-07-02 07:00:00 EDT,22.8,21.8,22.2,91.9,89.5,90.8,0.00,0.00,0.2,1.0,181.9,0.3,1.7,183.5,33,995.01,994.93,994.98,0.1
HFAL,2018-07-02 08:00:00 EDT,24.2,22.9,23.5,89.7,80.8,85.6,0.00,0.00,0.3,1.9,237.4,0.5,2.3,239.5,151,995.19,995.11,995.15,0.5
HFAL,2018-07-02 09:00:00 EDT,26.3,24.4,25.4,80.6,73.4,75.8,0.00,0.00,0.3,1.2,283.5,0.6,1.9,293.5,437,995.42,995.08,995.24,1.6
HFAL,2018-07-02 10:00:00 EDT,29.0,26.7,27.7,74.7,69.6,72.4,0.00,0.00,0.4,1.6,2.1,0.6,1.8,1.5,599,995.66,995.37,995.51,2.2
HFAL,2018-07-02 11:00:00 EDT,31.0,29.3,30.2,65.6,58.5,61.1,0.00,0.00,0.6,2.5,251.7,0.9,3.1,258.9,738,995.72,995.59,995.67,2.7
HFAL,2018-07-02 12:00:00 EDT,31.5,30.8,31.2,65.0,53.5,58.6,0.00,0.00,1.7,5.1,176.1,2.1,6.3,176.4,837,995.64,995.56,995.60,3.0
HFAL,2018-07-02 13:00:00 EDT,32.2,31.4,31.8,56.3,54.2,55.0,0.00,0.00,2.5,5.8,186.5,2.9,6.4,187.1,881,995.56,995.22,995.38,3.2
HFAL,2018-07-02 14:00:00 EDT,32.9,32.0,32.5,54.2,46.7,49.7,0.00,0.00,2.4,5.4,186.3,2.8,6.2,187.5,887,995.31,995.12,995.23,3.2
HFAL,2018-07-02 15:00:00 EDT,33.5,32.7,33.0,47.2,43.6,45.3,0.00,0.00,2.4,6.0,194.7,2.8,7.2,196.5,849,995.17,994.71,994.95,3.1
HFAL,2018-07-02 16:00:00 EDT,34.0,33.4,33.6,46.8,42.3,45.2,0.00,0.00,1.9,4.9,198.9,2.2,5.6,199.3,746,994.70,994.16,994.38,2.7
HFAL,2018-07-02 17:00:00 EDT,34.0,33.7,33.9,45.1,41.7,43.6,0.00,0.00,1.7,4.8,189.8,2.0,6.4,190.2,610,994.10,993.76,993.96,2.2
HFAL,2018-07-02 18:00:00 EDT,33.6,32.3,33.0,54.3,43.7,49.1,0.00,0.00,2.1,5.9,190.3,2.5,7.1,191.6,429,993.83,993.62,993.73,1.5
HFAL,2018-07-02 19:00:00 EDT,32.1,31.1,31.6,56.2,54.4,55.5,0.00,0.00,1.9,4.3,176.3,2.2,5.2,177.6,248,994.43,993.82,994.14,0.9
HFAL,2018-07-02 20:00:00 EDT,30.9,29.7,30.2,60.5,56.1,58.7,0.00,0.00,2.1,4.5,159.7,2.5,5.6,161.2,81,994.79,994.40,994.58,0.3
HFAL,2018-07-02 21:00:00 EDT,29.6,28.6,29.0,64.5,60.3,62.9,0.00,0.00,1.9,5.2,164.5,2.2,6.4,165.6,4,995.37,994.71,995.11,0.0
HFAL,2018-07-02 22:00:00 EDT,28.4,26.9,27.7,71.3,64.5,67.5,0.00,0.00,0.5,2.8,208.8,0.7,3.7,207.4,0,996.58,995.50,996.12,0.0
HFAL,2018-07-02 23:00:00 EDT,27.7,26.7,27.1,73.8,64.9,69.0,0.00,0.00,1.1,4.1,23.3,1.3,5.3,23.2,0,997.44,996.71,997.18,0.0
HFAL,2018-07-03 00:00:00 EDT,26.7,25.0,25.7,71.1,65.3,68.7,0.00,0.00,0.8,1.8,138.7,0.9,2.1,138.7,0,997.16,996.70,996.90,0.0
HFAL,2018-07-03 01:00:00 EDT,25.5,24.5,24.8,72.6,69.8,71.7,0.00,0.00,0.9,1.9,166.9,1.1,2.1,168.9,0,996.64,996.28,996.40,0.0
HFAL,2018-07-03 02:00:00 EDT,25.3,23.5,24.5,72.6,68.5,70.5,0.00,0.00,0.7,2.3,198.5,0.9,2.8,202.5,0,996.60,996.38,996.50,0.0
HFAL,2018-07-03 03:00:00 EDT,24.4,22.7,23.5,76.7,68.6,72.7,0.00,0.00,0.5,1.9,187.1,0.7,2.2,186.7,0,996.82,996.46,996.57,0.0
HFAL,2018-07-03 04:00:00 EDT,23.7,22.2,22.9,77.3,71.5,74.7,0.00,0.00,0.3,1.8,200.0,0.5,2.1,200.3,0,997.07,996.80,996.93,0.0
HFAL,2018-07-03 05:00:00 EDT,22.4,21.8,22.1,82.5,78.0,80.4,0.00,0.00,0.5,2.3,176.9,0.6,2.6,169.5,0,997.67,997.02,997.33,0.0
HFAL,2018-07-03 06:00:00 EDT,22.8,22.5,22.6,80.2,77.4,78.6,0.00,0.00,1.1,3.0,205.6,1.3,3.4,207.8,5,998.20,997.65,997.93,0.0
HFAL,2018-07-03 07:00:00 EDT,23.2,22.7,23.0,79.1,77.0,78.3,0.00,0.00,0.5,1.6,219.1,0.6,2.1,220.5,62,998.88,998.33,998.53,0.2
HFAL,2018-07-03 08:00:00 EDT,24.0,23.2,23.5,79.8,77.1,78.1,0.00,0.00,0.5,2.3,230.5,0.7,2.4,233.1,173,999.28,998.92,999.09,0.6
HFAL,2018-07-03 09:00:00 EDT,25.3,24.3,24.8,75.9,70.3,73.5,0.00,0.00,0.5,1.9,299.4,0.7,2.7,296.0,397,999.53,999.32,999.44,1.4
HFAL,2018-07-03 10:00:00 EDT,27.4,25.8,26.5,71.1,67.2,69.7,0.00,0.00,0.9,3.2,10.9,1.2,3.5,12.1,578,999.62,999.47,999.55,2.1
HFAL,2018-07-03 11:00:00 EDT,29.0,27.7,28.3,68.0,63.4,65.2,0.00,0.00,1.2,4.4,19.9,1.5,5.4,21.0,722,999.89,999.58,999.70,2.6
HFAL,2018-07-03 12:00:00 EDT,30.1,29.0,29.5,64.6,59.5,62.2,0.00,0.00,1.5,4.3,12.4,1.9,5.2,12.3,820,999.92,999.79,999.86,3.0
HFAL,2018-07-03 13:00:00 EDT,31.1,30.0,30.5,60.2,56.8,58.7,0.00,0.00,1.2,5.1,16.5,1.5,6.0,20.3,882,999.76,999.58,999.66,3.2
HFAL,2018-07-03 14:00:00 EDT,32.6,30.8,31.7,57.5,53.1,56.1,0.00,0.00,1.0,3.4,209.2,1.3,4.1,209.7,909,999.60,999.19,999.33,3.3
HFAL,2018-07-03 15:00:00 EDT,32.9,31.9,32.4,54.5,52.3,53.4,0.00,0.00,1.2,3.5,175.3,1.5,4.0,172.7,843,999.26,998.86,999.12,3.0
HFAL,2018-07-03 16:00:00 EDT,33.4,31.1,32.2,62.3,51.0,54.9,0.00,0.00,0.7,2.9,165.6,1.0,3.9,167.2,437,998.97,998.69,998.84,1.6
HFAL,2018-07-03 17:00:00 EDT,30.9,26.8,28.5,72.4,65.4,69.5,0.00,0.00,1.3,5.8,204.0,1.5,8.2,205.1,60,999.69,998.86,999.32,0.2
HFAL,2018-07-03 18:00:00 EDT,27.6,25.6,26.6,78.6,66.7,73.2,0.00,0.00,0.7,2.4,312.9,0.9,2.9,314.2,369,999.58,999.23,999.42,1.3
HFAL,2018-07-03 19:00:00 EDT,27.7,26.8,27.2,75.8,68.3,71.8,0.00,0.00,0.7,2.5,222.6,0.9,3.1,228.4,230,999.75,999.33,999.51,0.8
HFAL,2018-07-03 20:00:00 EDT,28.1,27.1,27.7,76.3,68.9,72.2,0.00,0.00,0.7,2.4,189.5,0.9,2.7,188.6,91,999.92,999.62,999.77,0.3
HFAL,2018-07-03 21:00:00 EDT,27.1,25.3,26.1,79.7,75.8,78.3,0.00,0.00,0.6,2.0,166.0,0.7,2.4,167.3,12,1000.35,999.77,1000.02,0.0
HFAL,2018-07-03 22:00:00 EDT,25.9,24.6,25.2,83.0,77.5,80.4,0.00,0.00,0.5,1.1,153.9,0.6,1.3,155.5,0,1000.94,1000.38,1000.61,0.0
HFAL,2018-07-03 23:00:00 EDT,25.6,25.0,25.3,85.0,79.1,81.8,0.00,0.00,0.6,1.3,187.3,0.8,1.6,187.6,0,1001.22,1001.02,1001.15,0.0
HFAL,2018-07-04 00:00:00 EDT,25.2,24.6,24.9,88.6,85.2,87.3,0.00,0.00,0.6,1.2,191.8,0.7,1.7,193.6,0,1001.34,1001.15,1001.24,0.0
HFAL,2018-07-04 01:00:00 EDT,24.5,24.0,24.2,93.4,87.8,91.5,0.00,0.00,0.4,1.8,191.8,0.6,2.1,193.8,0,1001.48,1001.11,1001.27,0.0
HFAL,2018-07-04 02:00:00 EDT,24.0,23.1,23.6,95.2,92.8,94.0,0.00,0.00,0.4,1.6,208.5,0.5,1.5,208.6,0,1001.08,1000.88,1000.96,0.0
HFAL,2018-07-04 03:00:00 EDT,23.2,22.6,22.9,96.7,95.5,96.3,0.00,0.00,0.5,1.9,207.8,0.6,2.1,209.1,0,1001.45,1001.11,1001.30,0.0
HFAL,2018-07-04 04:00:00 EDT,22.8,22.2,22.5,97.1,96.7,96.9,0.00,0.00,0.2,0.9,169.3,0.4,1.1,167.2,0,1001.77,1001.47,1001.61,0.0
HFAL,2018-07-04 05:00:00 EDT,22.2,21.8,22.0,97.5,97.2,97.3,0.00,0.00,0.2,0.8,125.1,0.3,1.1,113.7,0,1002.31,1001.82,1002.10,0.0
HFAL,2018-07-04 06:00:00 EDT,21.8,21.1,21.5,97.7,97.4,97.5,0.00,0.00,0.3,1.2,183.0,0.5,1.5,180.7,7,1002.82,1002.32,1002.57,0.0
HFAL,2018-07-04 07:00:00 EDT,22.7,21.3,22.0,97.4,86.6,93.6,0.00,0.00,0.5,3.0,37.6,0.6,3.2,47.8,57,1003.26,1002.82,1003.03,0.2
HFAL,2018-07-04 08:00:00 EDT,23.3,22.2,22.8,94.1,80.0,88.0,0.00,0.00,0.7,2.8,17.6,0.8,3.6,17.5,167,1003.63,1003.26,1003.48,0.6
HFAL,2018-07-04 09:00:00 EDT,25.7,23.5,24.5,80.5,70.0,76.5,0.00,0.00,0.9,2.3,7.0,1.1,2.8,7.1,434,1004.06,1003.62,1003.89,1.6
HFAL,2018-07-04 10:00:00 EDT,27.1,25.4,26.2,73.5,63.2,69.7,0.00,0.00,1.1,3.0,20.1,1.3,3.5,20.8,521,1004.16,1003.90,1004.05,1.9
HFAL,2018-07-04 11:00:00 EDT,28.5,27.5,28.0,64.6,56.4,59.0,0.00,0.00,1.4,3.5,24.5,1.6,4.0,24.9,707,1003.95,1003.79,1003.84,2.5
HFAL,2018-07-04 12:00:00 EDT,29.3,28.4,28.8,59.9,57.0,58.5,0.00,0.00,1.0,3.0,21.1,1.3,4.0,22.3,703,1004.00,1003.82,1003.91,2.5
HFAL,2018-07-04 13:00:00 EDT,30.0,28.9,29.4,60.3,56.9,59.0,0.00,0.00,1.1,2.9,16.1,1.5,3.6,17.7,675,1003.92,1003.50,1003.71,2.4
HFAL,2018-07-04 14:00:00 EDT,31.0,29.5,30.2,59.9,56.7,58.7,0.00,0.00,1.5,4.1,12.5,1.9,5.1,12.7,738,1003.41,1003.03,1003.23,2.7
HFAL,2018-07-04 15:00:00 EDT,31.6,30.3,31.1,58.5,54.2,56.3,0.00,0.00,0.9,3.4,151.5,1.3,3.9,145.7,712,1003.01,1002.55,1002.73,2.6
HFAL,2018-07-04 16:00:00 EDT,32.3,30.7,31.5,57.1,53.1,54.7,0.00,0.00,1.0,3.9,176.5,1.3,4.2,175.8,607,1002.59,1002.12,1002.31,2.2
HFAL,2018-07-04 17:00:00 EDT,32.1,28.9,30.6,67.5,54.1,60.6,0.00,0.00,1.6,6.8,173.1,2.0,8.4,172.9,222,1002.64,1002.19,1002.38,0.8
HFAL,2018-07-04 18:00:00 EDT,28.7,24.3,26.0,91.8,65.8,81.8,1.89,1.89,2.3,6.0,174.0,2.6,7.3,175.4,95,1002.54,1002.19,1002.36,0.3
HFAL,2018-07-04 19:00:00 EDT,25.9,24.2,25.3,94.0,88.3,90.8,0.00,1.89,1.1,2.8,173.5,1.3,3.6,174.6,126,1002.68,1002.37,1002.49,0.5
HFAL,2018-07-04 20:00:00 EDT,26.3,24.5,25.6,93.3,80.8,88.6,0.00,1.89,0.5,1.7,161.1,0.6,1.9,159.8,77,1003.05,1002.47,1002.78,0.3
HFAL,2018-07-04 21:00:00 EDT,24.4,22.1,23.3,94.0,89.9,92.6,0.00,1.89,1.0,1.9,171.7,1.1,2.3,172.4,7,1003.58,1003.05,1003.33,0.0
HFAL,2018-07-04 22:00:00 EDT,23.1,22.1,22.5,92.5,87.8,90.8,0.00,1.89,1.2,2.1,147.4,1.3,2.5,147.7,0,1003.57,1003.41,1003.47,0.0
HFAL,2018-07-04 23:00:00 EDT,23.9,22.2,23.0,93.0,86.2,89.6,0.00,1.89,0.5,2.4,174.4,0.7,2.9,171.8,0,1003.56,1003.27,1003.47,0.0
HFAL,2018-07-05 00:00:00 EDT,24.3,22.4,23.2,94.1,85.4,90.2,0.00,1.89,0.3,2.1,191.4,0.4,2.4,188.3,0,1003.37,1003.13,1003.24,0.0
HFAL,2018-07-05 01:00:00 EDT,23.1,22.5,22.8,95.1,91.5,93.6,0.00,0.00,0.5,1.7,183.0,0.7,2.1,182.2,0,1003.28,1003.15,1003.23,0.0
HFAL,2018-07-05 02:00:00 EDT,23.1,22.1,22.6,96.2,92.5,93.9,0.00,0.00,0.7,1.8,178.0,0.9,2.2,178.9,0,1003.25,1003.07,1003.14,0.0
HFAL,2018-07-05 03:00:00 EDT,22.5,22.1,22.3,96.6,96.1,96.4,0.00,0.00,0.5,1.3,190.5,0.6,1.6,190.8,0,1003.21,1003.01,1003.11,0.0
HFAL,2018-07-05 04:00:00 EDT,22.3,21.6,22.0,96.9,95.8,96.4,0.00,0.00,0.3,1.3,184.3,0.5,1.5,183.9,0,1003.09,1002.77,1002.92,0.0
HFAL,2018-07-05 05:00:00 EDT,22.2,21.6,21.8,96.8,94.4,95.7,0.00,0.00,0.7,1.8,184.3,0.9,2.2,185.2,0,1002.88,1002.70,1002.80,0.0
HFAL,2018-07-05 06:00:00 EDT,22.3,21.6,22.0,94.8,92.8,93.9,0.00,0.00,0.7,1.8,175.1,0.8,2.1,176.1,7,1003.00,1002.77,1002.88,0.0
HFAL,2018-07-05 07:00:00 EDT,22.7,22.0,22.4,94.1,92.2,93.4,0.00,0.00,0.1,0.8,173.6,0.2,1.0,168.8,51,1003.24,1003.01,1003.10,0.2
HFAL,2018-07-05 08:00:00 EDT,23.9,22.8,23.4,92.1,86.8,90.3,0.00,0.00,0.2,0.8,6.9,0.3,1.4,8.8,161,1003.31,1003.24,1003.27,0.6
HFAL,2018-07-05 09:00:00 EDT,25.7,24.3,25.3,85.5,78.9,81.5,0.00,0.00,0.6,2.9,216.9,0.8,3.6,217.5,378,1003.24,1003.15,1003.21,1.4
HFAL,2018-07-05 10:00:00 EDT,26.1,24.8,25.4,84.6,80.4,82.8,0.00,0.00,2.0,4.8,184.1,2.4,5.7,185.2,567,1003.23,1003.10,1003.17,2.0
HFAL,2018-07-05 11:00:00 EDT,27.4,26.1,26.8,80.5,76.0,78.1,0.00,0.00,2.0,4.8,183.4,2.4,5.8,184.0,720,1003.06,1002.70,1002.92,2.6
HFAL,2018-07-05 12:00:00 EDT,28.6,27.5,28.0,76.2,72.9,74.6,0.00,0.00,2.4,5.4,194.1,2.7,6.2,195.0,828,1002.69,1002.18,1002.47,3.0
HFAL,2018-07-05 13:00:00 EDT,29.5,28.2,28.9,73.2,67.1,71.0,0.00,0.00,2.6,7.0,186.2,3.0,8.2,186.8,836,1002.19,1001.49,1001.79,3.0
HFAL,2018-07-05 14:00:00 EDT,30.4,29.2,29.8,67.9,62.1,65.5,0.00,0.00,3.4,8.3,184.7,3.9,9.0,185.4,883,1001.41,1000.80,1001.10,3.2
HFAL,2018-07-05 15:00:00 EDT,30.5,29.6,30.1,61.9,59.7,60.7,0.00,0.00,2.9,7.1,194.0,3.3,8.1,195.0,587,1000.69,1000.11,1000.33,2.1
HFAL,2018-07-05 16:00:00 EDT,31.0,29.2,30.1,66.8,57.2,61.5,0.00,0.00,1.4,5.6,223.6,1.7,6.0,227.5,454,1000.10,999.57,999.77,1.6
HFAL,2018-07-05 17:00:00 EDT,31.6,30.2,31.2,62.8,52.7,54.7,0.00,0.00,2.6,7.2,198.3,3.0,8.4,200.5,603,999.50,998.58,999.03,2.2
HFAL,2018-07-05 18:00:00 EDT,31.5,31.1,31.2,55.5,53.7,54.5,0.00,0.00,2.6,6.5,197.8,3.0,7.7,199.0,442,998.46,997.83,998.14,1.6
HFAL,2018-07-05 19:00:00 EDT,31.1,30.3,30.8,57.3,55.3,56.1,0.00,0.00,2.1,6.2,206.8,2.5,7.3,207.4,269,997.85,997.39,997.64,1.0
HFAL,2018-07-05 20:00:00 EDT,30.2,28.7,29.6,63.7,57.4,60.3,0.00,0.00,2.0,6.2,193.2,2.3,6.8,194.0,74,997.55,997.36,997.45,0.3
HFAL,2018-07-05 21:00:00 EDT,28.6,27.5,28.2,71.5,64.6,66.6,0.00,0.00,2.0,5.3,170.9,2.3,5.8,171.8,3,997.37,997.00,997.22,0.0
HFAL,2018-07-05 22:00:00 EDT,27.2,26.8,27.0,77.0,74.3,75.9,0.00,0.00,2.4,5.6,170.0,2.8,6.9,171.0,0,997.41,997.05,997.28,0.0
HFAL,2018-07-05 23:00:00 EDT,27.0,26.5,26.8,80.6,77.1,78.8,0.00,0.00,3.0,7.9,174.6,3.5,9.9,176.3,0,997.36,996.76,997.06,0.0
HFAL,2018-07-06 00:00:00 EDT,26.7,26.1,26.5,80.7,75.7,78.5,0.00,0.00,1.9,6.2,197.8,2.3,7.2,199.6,0,996.84,996.39,996.70,0.0
HFAL,2018-07-06 01:00:00 EDT,26.6,26.1,26.4,76.0,73.3,74.7,0.00,0.00,2.1,8.0,203.9,2.6,9.9,206.0,0,996.30,995.70,996.06,0.0
HFAL,2018-07-06 02:00:00 EDT,26.4,26.1,26.3,77.3,74.4,75.5,0.00,0.00,3.8,10.1,195.7,4.4,11.0,195.7,0,995.76,995.39,995.64,0.0
HFAL,2018-07-06 03:00:00 EDT,25.9,25.1,25.4,82.3,77.9,80.3,0.00,0.00,2.8,9.8,199.6,3.2,10.8,200.2,0,995.36,994.88,995.22,0.0
HFAL,2018-07-06 04:00:00 EDT,25.2,24.7,25.0,84.3,81.7,83.3,0.00,0.00,2.3,7.4,210.9,2.7,8.4,212.5,0,994.81,994.34,994.57,0.0
HFAL,2018-07-06 05:00:00 EDT,25.0,24.8,24.9,84.9,82.4,83.9,0.00,0.00,1.7,6.8,204.8,2.0,8.0,205.8,0,994.49,993.81,994.21,0.0
HFAL,2018-07-06 06:00:00 EDT,25.1,24.7,24.9,83.9,80.9,82.7,0.00,0.00,1.3,4.4,203.8,1.6,5.5,207.3,4,993.80,993.59,993.67,0.0
HFAL,2018-07-06 07:00:00 EDT,24.9,24.5,24.7,85.7,82.7,84.8,0.00,0.00,0.9,3.8,222.1,1.2,4.7,225.4,32,993.96,993.62,993.82,0.1
HFAL,2018-07-06 08:00:00 EDT,25.1,24.6,24.9,86.2,83.5,84.8,0.00,0.00,0.5,2.4,258.2,0.7,3.1,266.3,60,993.80,993.49,993.62,0.2
HFAL,2018-07-06 09:00:00 EDT,25.0,22.9,24.4,87.6,81.7,84.1,0.24,0.24,1.1,6.2,237.9,1.5,7.7,241.0,69,993.76,993.51,993.62,0.2
HFAL,2018-07-06 10:00:00 EDT,22.6,21.9,22.1,95.1,89.1,93.8,2.77,3.01,1.2,4.7,233.7,1.6,5.6,237.8,69,993.89,993.13,993.55,0.2
HFAL,2018-07-06 11:00:00 EDT,23.4,22.2,22.7,94.1,90.2,93.0,0.00,3.01,1.2,4.1,238.9,1.6,5.5,243.6,182,993.71,993.20,993.38,0.7
HFAL,2018-07-06 12:00:00 EDT,24.3,23.6,24.0,91.2,74.9,85.7,0.00,3.01,1.2,4.5,245.8,1.6,5.7,251.6,428,994.06,993.68,993.86,1.5
HFAL,2018-07-06 13:00:00 EDT,25.4,23.9,24.8,76.8,71.9,74.0,0.00,3.01,0.8,3.4,271.1,1.1,4.9,276.3,496,994.32,994.14,994.23,1.8
HFAL,2018-07-06 14:00:00 EDT,28.1,25.3,26.9,71.3,54.4,61.8,0.00,3.01,1.2,5.7,353.0,1.5,6.4,354.5,899,994.30,993.99,994.10,3.2
HFAL,2018-07-06 15:00:00 EDT,28.0,26.3,27.3,61.9,49.1,53.0,0.00,3.01,2.0,7.0,5.1,2.5,9.1,6.5,827,993.90,993.69,993.81,3.0
HFAL,2018-07-06 16:00:00 EDT,28.1,25.8,26.7,52.8,45.1,49.0,0.00,3.01,1.9,7.2,3.9,2.3,7.9,5.2,603,994.09,993.73,993.91,2.2
HFAL,2018-07-06 17:00:00 EDT,26.9,25.5,26.0,56.5,48.8,52.6,0.00,3.01,1.5,5.7,358.8,1.9,7.4,1.0,432,994.21,994.01,994.09,1.6
HFAL,2018-07-06 18:00:00 EDT,26.7,24.6,25.5,52.8,46.5,49.7,0.00,3.01,1.6,6.6,357.4,2.0,6.9,359.5,387,994.59,994.25,994.42,1.4
HFAL,2018-07-06 19:00:00 EDT,24.2,21.9,23.3,52.2,47.1,49.5,0.00,3.01,1.8,6.6,3.4,2.3,8.1,5.1,189,995.44,994.57,994.97,0.7
HFAL,2018-07-06 20:00:00 EDT,21.6,20.7,21.2,58.8,52.3,55.5,0.00,3.01,0.7,3.9,331.4,1.0,4.8,329.8,70,996.25,995.51,995.92,0.3
HFAL,2018-07-06 21:00:00 EDT,20.3,19.7,20.0,63.5,57.3,61.1,0.00,3.01,0.7,4.3,336.9,1.0,5.4,334.5,10,997.43,996.33,996.84,0.0
HFAL,2018-07-06 22:00:00 EDT,19.7,19.0,19.2,61.7,54.7,58.5,0.00,3.01,1.2,4.7,354.2,1.6,6.3,353.2,0,998.51,997.51,997.99,0.0
HFAL,2018-07-06 23:00:00 EDT,18.9,17.7,18.2,59.8,54.8,57.3,0.00,3.01,1.3,5.7,354.5,1.7,6.3,354.5,0,999.17,998.50,998.81,0.0
HFAL,2018-07-07 00:00:00 EDT,17.8,16.2,16.9,62.3,56.8,60.4,0.00,3.01,0.6,4.1,1.8,0.8,4.4,2.5,0,1000.01,999.24,999.65,0.0
HFAL,2018-07-07 01:00:00 EDT,16.4,15.7,16.1,62.8,60.6,61.8,0.00,0.00,0.9,3.1,39.2,1.1,3.7,40.2,0,1000.80,1000.13,1000.42,0.0
HFAL,2018-07-07 02:00:00 EDT,15.8,14.7,15.4,64.0,60.9,62.4,0.00,0.00,1.1,4.6,18.8,1.4,5.4,20.0,0,1001.50,1000.85,1001.19,0.0
HFAL,2018-07-07 03:00:00 EDT,14.9,13.8,14.5,65.7,60.4,62.6,0.00,0.00,0.7,2.7,37.2,0.9,3.4,40.2,0,1002.10,1001.56,1001.81,0.0
HFAL,2018-07-07 04:00:00 EDT,14.6,14.2,14.4,60.2,55.8,58.3,0.00,0.00,1.2,3.6,39.7,1.4,4.3,39.6,0,1002.46,1002.14,1002.27,0.0
HFAL,2018-07-07 05:00:00 EDT,14.2,12.8,13.8,70.4,57.3,62.5,0.00,0.00,0.7,2.9,69.0,1.0,4.8,70.2,0,1003.17,1002.55,1002.89,0.0
HFAL,2018-07-07 06:00:00 EDT,13.3,12.0,12.8,76.9,70.0,71.9,0.00,0.00,0.5,1.9,63.2,0.7,2.7,64.2,5,1003.72,1003.15,1003.40,0.0
HFAL,2018-07-07 07:00:00 EDT,12.4,11.6,11.9,80.0,76.5,78.3,0.00,0.00,0.5,1.9,211.5,0.6,2.3,212.8,19,1004.42,1003.80,1004.12,0.1
HFAL,2018-07-07 08:00:00 EDT,14.3,12.7,13.1,78.3,68.1,74.5,0.00,0.00,0.5,1.6,244.4,0.6,2.0,256.0,149,1005.10,1004.47,1004.84,0.5
HFAL,2018-07-07 09:00:00 EDT,16.5,14.4,15.4,66.3,57.6,60.7,0.06,0.06,0.5,1.6,345.5,0.7,1.9,345.5,478,1005.58,1005.17,1005.38,1.7
HFAL,2018-07-07 10:00:00 EDT,18.9,16.8,17.8,57.7,52.4,54.9,0.00,0.06,0.9,2.4,357.8,1.1,3.2,359.8,647,1005.57,1005.51,1005.55,2.3
HFAL,2018-07-07 11:00:00 EDT,20.6,18.8,19.9,50.5,40.8,45.8,0.00,0.06,1.6,5.4,17.1,2.0,5.9,17.5,784,1005.65,1005.37,1005.54,2.8
HFAL,2018-07-07 12:00:00 EDT,21.8,20.5,21.2,42.7,37.6,39.9,0.00,0.06,1.9,6.0,25.9,2.3,7.5,27.6,881,1005.38,1005.26,1005.31,3.2
HFAL,2018-07-07 13:00:00 EDT,22.7,21.5,22.0,36.8,30.0,34.1,0.00,0.06,1.9,5.9,19.8,2.3,6.5,21.5,935,1005.32,1005.04,1005.21,3.4
HFAL,2018-07-07 14:00:00 EDT,23.8,22.2,23.1,36.8,33.2,35.0,0.00,0.06,1.7,5.8,6.1,2.1,7.0,6.5,932,1004.96,1004.58,1004.74,3.4
HFAL,2018-07-07 15:00:00 EDT,25.0,23.2,24.0,36.0,33.6,34.7,0.00,0.06,1.3,4.4,1.8,1.6,4.9,3.0,880,1004.50,1004.03,1004.24,3.2
HFAL,2018-07-07 16:00:00 EDT,24.7,24.2,24.4,35.6,34.0,34.8,0.00,0.06,1.5,5.9,23.9,1.8,6.6,25.0,784,1003.95,1003.61,1003.72,2.8
HFAL,2018-07-07 17:00:00 EDT,24.9,24.2,24.5,37.0,34.3,35.9,0.00,0.06,1.6,5.3,14.2,2.0,5.9,15.1,647,1003.65,1003.26,1003.37,2.3
HFAL,2018-07-07 18:00:00 EDT,24.5,24.1,24.3,38.7,36.2,37.9,0.00,0.06,1.4,5.1,24.2,1.8,6.1,26.1,478,1003.34,1003.03,1003.20,1.7
HFAL,2018-07-07 19:00:00 EDT,24.2,23.4,23.8,39.2,38.0,38.6,0.00,0.06,1.0,3.2,33.6,1.3,4.3,33.4,296,1003.10,1002.95,1003.03,1.1
HFAL,2018-07-07 20:00:00 EDT,23.0,20.4,22.1,50.7,38.4,43.7,0.00,0.06,0.3,2.0,73.0,0.5,2.1,82.4,84,1003.18,1003.03,1003.12,0.3
HFAL,2018-07-07 21:00:00 EDT,19.9,18.8,19.2,57.8,50.5,54.1,0.00,0.06,1.2,1.8,156.5,1.4,2.1,158.0,4,1003.56,1003.11,1003.28,0.0
HFAL,2018-07-07 22:00:00 EDT,19.3,18.0,18.8,56.2,50.5,52.8,0.00,0.06,1.2,1.9,148.6,1.3,2.2,150.2,0,1003.88,1003.59,1003.69,0.0
HFAL,2018-07-07 23:00:00 EDT,17.7,16.8,17.2,62.6,55.9,60.0,0.00,0.06,0.4,1.1,159.8,0.6,1.4,160.8,0,1004.26,1003.85,1004.04,0.0
HFAL,2018-07-08 00:00:00 EDT,17.6,16.7,17.1,62.3,59.8,61.1,0.00,0.06,1.0,2.3,202.9,1.2,2.5,205.2,0,1004.39,1004.14,1004.26,0.0
HFAL,2018-07-08 01:00:00 EDT,17.1,15.6,16.4,67.2,62.1,63.9,0.00,0.00,0.5,1.8,193.0,0.7,2.1,190.9,0,1004.25,1004.03,1004.14,0.0
HFAL,2018-07-08 02:00:00 EDT,15.9,14.4,15.1,71.6,66.8,68.7,0.00,0.00,0.4,1.3,141.9,0.6,1.2,148.7,0,1004.31,1004.16,1004.26,0.0
HFAL,2018-07-08 03:00:00 EDT,14.5,13.3,13.9,78.0,72.3,75.4,0.00,0.00,0.3,0.9,185.5,0.4,1.1,188.1,0,1004.27,1004.15,1004.21,0.0
HFAL,2018-07-08 04:00:00 EDT,14.3,13.3,13.8,78.7,73.6,76.8,0.00,0.00,0.7,2.0,206.5,0.8,2.7,207.2,0,1004.34,1004.00,1004.16,0.0
HFAL,2018-07-08 05:00:00 EDT,14.3,13.0,13.8,78.1,74.0,75.9,0.00,0.00,0.7,2.0,203.5,0.9,2.5,203.6,0,1004.05,1003.91,1003.99,0.0
HFAL,2018-07-08 06:00:00 EDT,13.3,12.1,12.7,83.6,78.2,81.0,0.00,0.00,0.3,1.4,211.1,0.5,1.6,210.3,5,1004.88,1003.97,1004.41,0.0
HFAL,2018-07-08 07:00:00 EDT,14.5,12.9,13.7,80.7,73.9,77.8,0.00,0.00,0.7,3.0,215.5,0.9,3.7,216.9,20,1005.36,1004.91,1005.12,0.1
HFAL,2018-07-08 08:00:00 EDT,16.2,14.7,15.3,74.0,67.7,72.0,0.00,0.00,0.8,2.9,239.0,1.0,3.5,240.6,147,1005.70,1005.35,1005.55,0.5
HFAL,2018-07-08 09:00:00 EDT,19.1,16.6,17.9,66.6,59.6,63.1,0.00,0.00,0.4,1.7,312.7,0.7,2.3,318.7,465,1005.95,1005.63,1005.83,1.7
HFAL,2018-07-08 10:00:00 EDT,22.0,19.6,20.7,60.1,52.4,56.1,0.00,0.00,0.5,1.5,328.6,0.8,2.1,332.2,633,1005.97,1005.68,1005.82,2.3
HFAL,2018-07-08 11:00:00 EDT,24.3,22.6,23.6,51.8,45.3,48.4,0.00,0.00,0.8,2.4,342.8,1.0,2.8,345.0,770,1005.66,1005.59,1005.63,2.8
HFAL,2018-07-08 12:00:00 EDT,25.5,24.5,25.1,47.5,41.5,44.7,0.00,0.00,1.0,4.4,356.8,1.4,4.9,358.8,854,1005.64,1005.12,1005.41,3.1
HFAL,2018-07-08 13:00:00 EDT,26.4,25.6,26.0,41.8,35.7,38.5,0.00,0.00,1.2,4.5,5.0,1.6,5.5,5.1,915,1005.14,1004.80,1005.00,3.3
HFAL,2018-07-08 14:00:00 EDT,27.4,26.0,26.8,38.3,35.1,36.6,0.00,0.00,1.1,3.0,334.5,1.4,3.8,337.6,920,1004.71,1004.20,1004.43,3.3
HFAL,2018-07-08 15:00:00 EDT,28.0,26.6,27.2,36.9,34.3,35.3,0.00,0.00,1.3,3.8,22.0,1.7,4.6,23.3,870,1004.16,1003.39,1003.71,3.1
HFAL,2018-07-08 16:00:00 EDT,28.3,26.8,27.7,36.1,34.0,35.1,0.00,0.00,1.1,3.8,13.2,1.4,4.9,14.8,774,1003.40,1003.00,1003.24,2.8
HFAL,2018-07-08 17:00:00 EDT,27.9,27.6,27.8,36.2,33.4,34.9,0.00,0.00,1.3,3.6,145.8,1.6,4.6,144.3,635,1002.89,1002.57,1002.70,2.3
HFAL,2018-07-08 18:00:00 EDT,27.7,27.5,27.6,36.2,35.1,35.7,0.00,0.00,1.0,3.8,154.5,1.3,4.6,147.3,469,1002.67,1002.35,1002.52,1.7
HFAL,2018-07-08 19:00:00 EDT,27.5,26.8,27.0,37.7,35.6,36.6,0.00,0.00,1.8,3.8,192.2,2.0,4.6,193.8,291,1002.45,1002.16,1002.28,1.0
HFAL,2018-07-08 20:00:00 EDT,26.6,25.0,25.8,43.9,37.3,41.6,0.00,0.00,1.9,4.1,177.2,2.2,5.6,178.6,96,1002.13,1001.91,1001.99,0.3
HFAL,2018-07-08 21:00:00 EDT,24.9,24.2,24.5,44.7,43.2,43.9,0.00,0.00,2.2,4.5,168.1,2.6,5.7,169.6,6,1001.83,1001.72,1001.78,0.0
HFAL,2018-07-08 22:00:00 EDT,24.3,21.8,22.8,52.8,43.9,48.7,0.00,0.00,1.2,4.6,178.5,1.5,5.7,180.1,0,1002.13,1001.73,1001.96,0.0
HFAL,2018-07-08 23:00:00 EDT,22.1,20.5,21.6,57.0,51.6,53.9,0.00,0.00,0.4,1.8,214.5,0.6,2.5,232.3,0,1002.10,1001.73,1001.95,0.0
HFAL,2018-07-09 00:00:00 EDT,21.3,20.2,20.8,59.8,57.3,58.8,0.00,0.00,1.2,4.1,192.3,1.4,5.1,194.8,0,1001.95,1001.61,1001.84,0.0
HFAL,2018-07-09 01:00:00 EDT,21.0,18.8,19.8,66.0,58.1,62.1,0.00,0.00,0.6,2.5,200.5,0.8,2.9,201.0,0,1001.62,1001.35,1001.50,0.0
HFAL,2018-07-09 02:00:00 EDT,19.0,17.4,18.3,69.9,64.2,67.0,0.00,0.00,0.5,1.6,158.3,0.6,2.0,158.9,0,1001.64,1001.48,1001.57,0.0
HFAL,2018-07-09 03:00:00 EDT,17.4,16.3,16.9,77.4,71.2,74.4,0.00,0.00,0.4,1.1,205.7,0.5,1.4,203.1,0,1001.47,1001.13,1001.32,0.0
HFAL,2018-07-09 04:00:00 EDT,18.3,16.3,17.1,77.3,69.4,74.9,0.00,0.00,0.4,3.5,197.3,0.5,4.4,196.5,0,1001.11,1000.95,1001.05,0.0
HFAL,2018-07-09 05:00:00 EDT,18.6,16.1,17.6,78.7,67.8,71.7,0.00,0.00,0.8,3.4,206.9,1.0,3.9,208.6,0,1001.03,1000.89,1000.97,0.0
HFAL,2018-07-09 06:00:00 EDT,16.0,15.2,15.5,83.7,79.5,81.9,0.00,0.00,0.5,2.3,228.0,0.6,2.6,228.4,4,1000.96,1000.82,1000.89,0.0
HFAL,2018-07-09 07:00:00 EDT,16.3,15.0,15.3,85.3,81.4,84.1,0.00,0.00,0.4,1.9,325.0,0.6,2.7,313.9,20,1001.04,1000.82,1000.93,0.1
HFAL,2018-07-09 08:00:00 EDT,17.7,15.7,16.6,83.7,73.7,80.2,0.00,0.00,0.3,1.2,332.0,0.5,2.0,333.5,145,1000.95,1000.82,1000.87,0.5
HFAL,2018-07-09 09:00:00 EDT,21.7,18.1,20.0,72.0,60.6,66.4,0.00,0.00,0.6,2.1,258.9,0.8,2.8,266.3,457,1000.93,1000.73,1000.85,1.6
HFAL,2018-07-09 10:00:00 EDT,24.1,22.2,23.3,59.8,53.1,55.9,0.00,0.00,0.9,3.3,254.2,1.2,4.4,264.0,619,1000.73,1000.30,1000.52,2.2
HFAL,2018-07-09 11:00:00 EDT,27.0,24.8,25.8,53.1,46.2,49.9,0.00,0.00,1.0,3.0,236.4,1.2,3.4,238.9,761,1000.15,999.61,999.93,2.7
HFAL,2018-07-09 12:00:00 EDT,28.7,26.9,27.8,46.7,40.1,43.5,0.00,0.00,1.2,3.6,236.4,1.5,4.5,243.6,857,999.53,998.83,999.16,3.1
HFAL,2018-07-09 13:00:00 EDT,29.4,28.4,28.9,42.4,38.2,41.0,0.00,0.00,1.2,4.7,211.3,1.5,5.2,216.6,907,998.79,998.04,998.40,3.3
HFAL,2018-07-09 14:00:00 EDT,30.5,28.8,29.3,40.4,38.3,39.4,0.00,0.00,1.7,5.5,205.4,2.0,5.6,207.3,911,997.94,997.22,997.56,3.3
HFAL,2018-07-09 15:00:00 EDT,30.4,29.6,30.0,38.9,35.7,37.8,0.00,0.00,2.1,7.0,195.6,2.5,8.1,196.8,866,997.17,996.58,996.89,3.1
HFAL,2018-07-09 16:00:00 EDT,31.0,30.0,30.5,37.7,32.0,36.3,0.00,0.00,2.1,6.4,204.7,2.4,8.5,206.4,774,996.58,995.80,996.15,2.8
HFAL,2018-07-09 17:00:00 EDT,31.4,30.6,31.0,37.5,30.7,34.3,0.00,0.00,2.0,5.2,209.5,2.3,6.1,212.2,638,995.77,995.09,995.47,2.3
HFAL,2018-07-09 18:00:00 EDT,31.4,30.8,31.1,32.6,30.5,31.5,0.00,0.00,1.4,4.7,227.7,1.7,5.9,232.3,472,995.04,994.49,994.71,1.7
HFAL,2018-07-09 19:00:00 EDT,30.8,29.7,30.3,32.5,30.8,31.9,0.00,0.00,1.4,4.6,236.1,1.7,5.7,239.3,294,994.49,994.24,994.35,1.1
HFAL,2018-07-09 20:00:00 EDT,29.5,27.8,28.6,36.4,33.0,34.8,0.00,0.00,1.1,3.8,230.7,1.4,4.8,234.4,97,994.34,994.19,994.27,0.3
HFAL,2018-07-09 21:00:00 EDT,27.9,26.2,27.0,41.4,35.9,38.4,0.00,0.00,1.0,3.3,231.7,1.3,3.8,234.3,6,994.48,994.25,994.32,0.0
HFAL,2018-07-09 22:00:00 EDT,26.2,24.9,25.6,44.5,41.5,43.0,0.00,0.00,0.9,2.5,205.0,1.1,3.5,205.3,0,994.67,994.52,994.60,0.0
HFAL,2018-07-09 23:00:00 EDT,24.9,23.3,24.2,49.6,44.7,46.8,0.00,0.00,0.5,2.5,208.0,0.7,2.5,207.8,0,994.73,994.51,994.65,0.0
HFAL,2018-07-10 00:00:00 EDT,23.2,21.9,22.6,54.1,50.3,52.3,0.00,0.00,0.8,2.3,214.5,0.9,2.6,217.1,0,994.46,994.24,994.37,0.0
HFAL,2018-07-10 01:00:00 EDT,22.1,20.1,20.9,61.5,53.8,58.4,0.00,0.00,0.5,1.9,237.1,0.6,2.3,242.0,0,994.17,993.63,993.86,0.0
HFAL,2018-07-10 02:00:00 EDT,20.5,19.4,20.1,65.0,60.9,62.2,0.00,0.00,0.7,2.6,230.8,0.9,2.9,235.0,0,993.62,993.03,993.35,0.0
HFAL,2018-07-10 03:00:00 EDT,19.5,18.4,18.9,72.1,65.7,69.0,0.00,0.00,0.6,2.3,242.7,0.8,2.5,249.1,0,992.98,992.71,992.86,0.0
HFAL,2018-07-10 04:00:00 EDT,18.4,17.1,17.8,77.9,73.4,76.0,0.00,0.00,1.1,4.4,206.0,1.3,5.2,207.6,0,993.04,992.73,992.90,0.0
HFAL,2018-07-10 05:00:00 EDT,19.2,18.2,18.8,75.0,71.8,73.5,0.00,0.00,1.3,4.0,215.7,1.5,4.4,218.5,0,992.84,992.64,992.71,0.0
HFAL,2018-07-10 06:00:00 EDT,19.1,17.1,17.9,80.9,72.9,77.2,0.00,0.00,0.5,5.0,233.1,0.7,5.5,237.2,5,992.63,992.50,992.57,0.0
HFAL,2018-07-10 07:00:00 EDT,17.1,16.5,16.7,85.2,81.3,83.9,0.00,0.00,0.2,1.9,234.4,0.3,2.3,297.2,22,992.53,992.42,992.48,0.1
HFAL,2018-07-10 08:00:00 EDT,20.7,17.2,18.4,83.6,66.4,77.7,0.00,0.00,1.0,4.1,211.6,1.2,4.3,213.2,146,992.64,992.43,992.56,0.5
HFAL,2018-07-10 09:00:00 EDT,23.2,21.1,22.1,65.2,58.6,62.2,0.00,0.00,0.9,3.1,242.0,1.1,3.7,252.1,450,992.58,992.39,992.50,1.6
HFAL,2018-07-10 10:00:00 EDT,25.8,23.5,24.6,58.9,51.7,56.3,0.00,0.00,0.6,1.6,313.2,0.8,2.3,315.6,612,992.38,992.03,992.23,2.2
HFAL,2018-07-10 11:00:00 EDT,27.3,25.6,26.7,53.0,47.9,50.8,0.00,0.00,1.0,3.3,163.2,1.3,4.5,154.6,752,991.93,991.29,991.48,2.7
HFAL,2018-07-10 12:00:00 EDT,28.8,26.9,28.2,49.2,45.1,46.6,0.00,0.00,1.1,3.6,245.1,1.3,4.2,246.4,851,991.45,991.07,991.29,3.1
HFAL,2018-07-10 13:00:00 EDT,29.9,28.8,29.3,45.5,37.4,41.1,0.00,0.00,1.7,5.1,184.1,2.1,5.6,184.7,903,991.07,990.29,990.70,3.3
HFAL,2018-07-10 14:00:00 EDT,30.9,29.8,30.4,38.6,37.0,38.0,0.00,0.00,1.9,4.7,195.7,2.2,6.0,195.5,894,990.20,989.40,989.77,3.2
HFAL,2018-07-10 15:00:00 EDT,31.1,30.7,30.9,43.0,37.9,40.9,0.00,0.00,2.0,5.3,193.5,2.4,6.3,194.5,813,989.40,988.74,989.10,2.9
HFAL,2018-07-10 16:00:00 EDT,32.7,31.1,31.9,42.9,35.3,39.7,0.00,0.00,2.0,5.7,192.4,2.4,6.8,194.2,742,988.73,988.29,988.52,2.7
HFAL,2018-07-10 17:00:00 EDT,32.9,32.4,32.6,40.7,38.0,38.9,0.00,0.00,1.0,5.7,254.8,1.5,6.7,262.3,605,988.26,987.84,988.01,2.2
HFAL,2018-07-10 18:00:00 EDT,32.0,30.7,31.6,42.6,39.2,40.3,0.00,0.00,0.9,4.6,277.6,1.2,5.0,281.8,385,987.97,987.80,987.92,1.4
HFAL,2018-07-10 19:00:00 EDT,30.2,28.7,29.2,50.1,42.9,47.8,0.00,0.00,0.5,2.2,318.2,0.7,3.0,302.9,70,987.97,987.78,987.91,0.3
HFAL,2018-07-10 20:00:00 EDT,28.6,26.7,27.7,59.7,50.9,54.8,0.00,0.00,0.5,1.7,40.7,0.7,2.2,39.2,51,988.63,987.91,988.29,0.2
HFAL,2018-07-10 21:00:00 EDT,27.0,26.3,26.6,60.6,57.5,59.1,0.00,0.00,0.4,1.7,63.4,0.6,2.5,67.9,2,989.26,988.58,988.84,0.0
HFAL,2018-07-10 22:00:00 EDT,26.8,25.3,26.0,67.6,59.8,63.6,0.00,0.00,0.6,1.7,205.2,0.7,2.1,208.0,0,989.74,989.30,989.57,0.0
HFAL,2018-07-10 23:00:00 EDT,25.6,23.7,24.7,69.7,64.8,67.8,0.00,0.00,1.0,3.1,217.1,1.2,3.3,219.6,0,989.84,989.76,989.79,0.0
HFAL,2018-07-11 00:00:00 EDT,23.5,22.8,23.1,72.5,70.3,71.2,0.00,0.00,1.6,3.1,211.0,1.7,3.6,213.5,0,989.88,989.67,989.79,0.0
HFAL,2018-07-11 01:00:00 EDT,23.0,21.2,22.3,70.1,64.7,67.9,0.00,0.00,0.8,2.6,220.2,1.0,3.3,220.2,0,989.87,989.65,989.77,0.0
HFAL,2018-07-11 02:00:00 EDT,22.5,20.6,21.4,75.5,66.7,70.7,0.00,0.00,0.9,2.6,205.2,1.1,3.0,206.4,0,989.95,989.83,989.89,0.0
HFAL,2018-07-11 03:00:00 EDT,20.8,19.9,20.4,77.9,73.4,75.8,0.00,0.00,1.2,3.0,201.7,1.3,3.2,203.5,0,989.89,989.75,989.80,0.0
HFAL,2018-07-11 04:00:00 EDT,19.7,18.7,19.1,80.3,76.9,78.8,0.00,0.00,0.7,1.9,198.9,0.9,2.4,199.2,0,990.06,989.82,989.93,0.0
HFAL,2018-07-11 05:00:00 EDT,18.7,18.0,18.4,82.7,80.5,81.6,0.00,0.00,1.1,2.3,212.4,1.2,2.6,214.8,0,990.29,990.12,990.23,0.0
HFAL,2018-07-11 06:00:00 EDT,17.9,17.1,17.5,85.5,82.3,83.8,0.00,0.00,1.1,3.1,202.5,1.3,3.4,204.9,5,991.00,990.34,990.65,0.0
HFAL,2018-07-11 07:00:00 EDT,18.4,17.5,17.9,83.6,82.5,83.2,0.00,0.00,0.6,1.8,191.3,0.7,2.2,195.1,36,991.74,991.04,991.43,0.1
HFAL,2018-07-11 08:00:00 EDT,19.8,18.5,19.2,82.5,74.5,78.1,0.00,0.00,0.7,2.7,21.3,0.9,3.5,22.4,150,992.38,991.77,992.02,0.5
HFAL,2018-07-11 09:00:00 EDT,22.1,19.9,21.0,75.0,66.9,71.3,0.00,0.00,1.5,3.9,21.7,1.7,4.7,22.6,375,992.72,992.42,992.56,1.4
HFAL,2018-07-11 10:00:00 EDT,23.7,21.6,22.3,67.1,60.8,64.5,0.00,0.00,2.2,5.1,20.3,2.6,6.3,20.8,410,992.86,992.72,992.78,1.5
HFAL,2018-07-11 11:00:00 EDT,,,,,,,,,2.8,6.5,15.7,3.3,7.4,16.6,,,,,
HFAL,2018-07-11 12:00:00 EDT,,,,,,,,0.00,2.4,6.5,9.5,2.9,6.9,11.0,,,,,
HFAL,2018-07-11 13:00:00 EDT,26.6,26.0,26.3,55.0,49.7,51.7,0.00,0.00,1.8,5.5,16.6,2.3,6.6,17.6,804,992.94,992.68,992.78,2.9
HFAL,2018-07-11 14:00:00 EDT,27.7,25.8,26.8,51.3,46.6,48.2,0.00,0.00,1.8,5.3,17.3,2.2,5.8,17.6,853,992.74,992.31,992.49,3.1
HFAL,2018-07-11 15:00:00 EDT,28.2,27.1,27.6,47.8,45.1,46.4,0.00,0.00,1.8,5.1,22.7,2.2,6.3,23.7,840,992.38,992.09,992.26,3.0
HFAL,2018-07-11 16:00:00 EDT,28.6,27.1,27.9,45.3,41.6,43.7,0.00,0.00,1.9,5.7,11.2,2.3,6.6,11.6,700,992.19,992.05,992.11,2.5
HFAL,2018-07-11 17:00:00 EDT,28.2,27.4,27.8,44.6,41.8,43.8,0.00,0.00,2.4,6.0,15.2,2.8,6.7,15.7,594,992.36,992.09,992.21,2.1
HFAL,2018-07-11 18:00:00 EDT,28.0,25.9,27.0,46.0,42.8,44.4,0.00,0.00,1.6,4.9,32.9,2.0,5.6,32.9,300,992.67,992.40,992.55,1.1
HFAL,2018-07-11 19:00:00 EDT,25.8,24.9,25.3,46.6,43.0,44.8,0.00,0.00,1.0,3.4,29.9,1.3,4.2,30.1,122,992.94,992.70,992.79,0.4
HFAL,2018-07-11 20:00:00 EDT,24.9,23.0,23.9,46.3,42.6,44.4,0.00,0.00,0.6,3.8,55.2,0.9,4.3,58.1,41,993.39,992.97,993.22,0.1
HFAL,2018-07-11 21:00:00 EDT,22.8,21.7,22.0,48.9,43.3,47.1,0.00,0.00,0.4,1.3,147.4,0.6,2.2,148.1,9,994.16,993.47,993.81,0.0
HFAL,2018-07-11 22:00:00 EDT,21.9,20.5,20.9,48.8,43.3,47.1,0.00,0.00,0.5,1.4,147.8,0.7,1.6,150.4,0,995.06,994.29,994.64,0.0
HFAL,2018-07-11 23:00:00 EDT,20.8,19.5,20.3,53.6,48.5,50.6,0.00,0.00,0.7,1.8,101.3,0.8,2.6,104.5,0,995.74,995.15,995.48,0.0
HFAL,2018-07-12 00:00:00 EDT,20.4,19.1,19.9,53.8,50.2,51.4,0.00,0.00,0.5,2.1,52.9,0.7,2.6,63.5,0,996.58,995.85,996.23,0.0
HFAL,2018-07-12 01:00:00 EDT,19.7,18.3,19.4,51.4,47.0,48.9,0.00,0.00,0.5,2.2,59.1,0.6,2.7,62.9,0,997.02,996.62,996.85,0.0
HFAL,2018-07-12 02:00:00 EDT,19.0,17.6,18.1,55.0,51.5,53.2,0.00,0.00,0.3,1.3,189.1,0.6,1.6,193.4,0,997.05,996.98,997.01,0.0
HFAL,2018-07-12 03:00:00 EDT,18.1,17.1,17.6,56.7,52.8,55.1,0.00,0.00,0.3,2.5,56.7,0.5,3.2,63.2,0,997.55,996.99,997.25,0.0
HFAL,2018-07-12 04:00:00 EDT,17.6,17.0,17.3,58.8,49.1,53.9,0.00,0.00,0.5,1.6,76.0,0.7,2.4,76.7,0,997.75,997.54,997.66,0.0
HFAL,2018-07-12 05:00:00 EDT,17.2,16.4,16.7,58.9,54.4,56.3,0.00,0.00,0.4,1.7,73.6,0.6,2.7,77.5,0,998.18,997.77,998.06,0.0
HFAL,2018-07-12 06:00:00 EDT,16.5,14.9,15.7,65.7,58.4,61.7,0.00,0.00,0.3,1.6,129.1,0.4,2.4,126.6,6,998.67,998.21,998.51,0.0
HFAL,2018-07-12 07:00:00 EDT,14.9,14.3,14.6,74.3,67.4,71.3,0.00,0.00,0.1,0.6,177.6,0.2,0.8,174.1,29,999.18,998.74,999.02,0.1
HFAL,2018-07-12 08:00:00 EDT,16.3,14.6,15.3,77.1,67.2,73.6,0.00,0.00,0.4,1.6,348.2,0.5,1.7,353.1,146,999.74,999.14,999.49,0.5
HFAL,2018-07-12 09:00:00 EDT,19.6,16.7,18.4,65.0,53.2,56.9,0.00,0.00,0.4,1.7,347.8,0.6,2.0,345.9,445,999.97,999.73,999.86,1.6
HFAL,2018-07-12 10:00:00 EDT,21.4,19.8,20.5,54.0,48.8,51.1,0.00,0.00,1.8,4.1,20.7,2.0,4.5,21.5,614,999.99,999.90,999.93,2.2
HFAL,2018-07-12 11:00:00 EDT,24.1,21.4,22.9,48.1,40.7,44.1,0.00,0.00,1.6,5.3,14.2,1.9,5.8,15.4,753,1000.10,999.93,1000.01,2.7
HFAL,2018-07-12 12:00:00 EDT,25.0,24.0,24.6,40.5,35.0,37.5,0.00,0.00,1.4,4.6,10.4,1.7,5.6,11.9,851,1000.21,1000.01,1000.11,3.1
HFAL,2018-07-12 13:00:00 EDT,26.4,25.2,25.7,37.5,34.5,35.3,0.00,0.00,1.2,4.5,15.9,1.6,5.4,18.5,908,1000.24,1000.00,1000.13,3.3
HFAL,2018-07-12 14:00:00 EDT,27.1,25.9,26.5,35.0,32.6,34.1,0.00,0.00,1.6,4.9,16.3,2.0,5.7,16.6,902,1000.03,999.65,999.89,3.2
HFAL,2018-07-12 15:00:00 EDT,27.9,26.4,27.0,34.3,31.9,33.1,0.00,0.00,1.4,5.2,17.6,1.8,5.8,16.6,828,999.58,999.47,999.54,3.0
HFAL,2018-07-12 16:00:00 EDT,28.0,27.2,27.5,32.8,29.6,31.6,0.00,0.00,1.5,4.8,19.9,1.9,5.4,22.9,793,999.52,999.21,999.40,2.9
HFAL,2018-07-12 17:00:00 EDT,28.0,26.4,27.4,32.9,30.2,31.5,0.00,0.00,1.3,4.0,20.1,1.6,4.4,23.3,600,999.35,999.18,999.24,2.2
HFAL,2018-07-12 18:00:00 EDT,27.9,26.7,27.2,32.4,30.6,31.4,0.00,0.00,0.9,3.3,26.5,1.2,3.7,33.4,445,999.13,998.87,999.05,1.6
HFAL,2018-07-12 19:00:00 EDT,27.3,26.1,26.6,33.0,30.9,31.9,0.00,0.00,0.8,2.5,10.9,1.0,3.2,14.2,261,999.24,998.91,999.11,0.9
HFAL,2018-07-12 20:00:00 EDT,26.2,23.6,25.1,43.8,33.2,39.1,0.00,0.00,0.4,1.5,131.6,0.5,2.1,132.0,84,999.64,999.27,999.47,0.3
HFAL,2018-07-12 21:00:00 EDT,23.0,20.7,22.1,50.9,43.5,45.6,0.00,0.00,1.0,2.0,150.3,1.2,2.1,150.9,6,999.82,999.64,999.72,0.0
HFAL,2018-07-12 22:00:00 EDT,22.0,20.5,21.4,52.8,46.0,48.4,0.00,0.00,1.1,1.9,157.9,1.3,2.4,158.7,0,1000.39,999.83,1000.10,0.0
HFAL,2018-07-12 23:00:00 EDT,21.1,19.6,20.3,54.5,49.3,51.6,0.00,0.00,0.6,1.9,161.9,0.7,2.2,163.5,0,1000.85,1000.45,1000.63,0.0
HFAL,2018-07-13 00:00:00 EDT,19.5,18.4,19.0,62.7,55.5,59.5,0.00,0.00,0.7,2.5,179.0,0.8,3.0,181.9,0,1001.04,1000.78,1000.90,0.0
HFAL,2018-07-13 01:00:00 EDT,17.8,16.7,17.2,71.0,63.6,67.6,0.00,0.00,0.3,1.0,103.7,0.4,1.4,109.2,0,1000.99,1000.83,1000.94,0.0
HFAL,2018-07-13 02:00:00 EDT,18.5,16.6,17.8,73.1,63.0,67.5,0.00,0.00,1.0,3.6,199.8,1.2,4.6,201.2,0,1000.97,1000.34,1000.67,0.0
HFAL,2018-07-13 03:00:00 EDT,18.6,18.1,18.3,66.6,63.6,65.0,0.00,0.00,1.1,3.0,204.6,1.2,3.2,206.5,0,1000.82,1000.54,1000.72,0.0
HFAL,2018-07-13 04:00:00 EDT,18.9,16.3,18.0,75.0,64.8,69.0,0.00,0.00,0.6,2.6,209.4,0.8,3.0,214.5,0,1000.72,1000.32,1000.51,0.0
HFAL,2018-07-13 05:00:00 EDT,19.0,15.3,16.7,84.2,73.9,79.1,0.00,0.00,0.4,2.5,218.0,0.5,3.5,225.3,0,1000.67,1000.38,1000.55,0.0
HFAL,2018-07-13 06:00:00 EDT,18.8,15.8,16.8,85.7,75.5,81.7,0.00,0.00,0.3,2.1,228.4,0.5,2.9,227.3,5,1000.85,1000.62,1000.70,0.0
HFAL,2018-07-13 07:00:00 EDT,19.1,15.4,16.2,84.7,76.0,81.9,0.00,0.00,0.4,2.5,321.3,0.5,3.0,327.1,34,1001.44,1000.86,1001.15,0.1
HFAL,2018-07-13 08:00:00 EDT,18.6,15.9,17.0,83.7,76.0,81.5,0.00,0.00,0.3,0.8,11.2,0.4,1.3,17.4,162,1001.67,1001.45,1001.58,0.6
HFAL,2018-07-13 09:00:00 EDT,21.5,18.9,20.3,75.2,67.9,71.0,0.00,0.00,0.6,1.4,11.1,0.8,2.1,9.0,412,1001.95,1001.66,1001.82,1.5
HFAL,2018-07-13 10:00:00 EDT,23.8,21.6,22.9,65.3,59.0,62.5,0.00,0.00,0.6,1.9,348.5,0.9,2.3,347.4,571,1001.80,1001.46,1001.61,2.1
HFAL,2018-07-13 11:00:00 EDT,26.1,23.9,25.0,58.9,52.9,56.6,0.00,0.00,0.7,3.0,358.1,1.0,3.2,2.0,667,1001.38,1000.77,1001.11,2.4
HFAL,2018-07-13 12:00:00 EDT,27.0,25.7,26.5,52.1,45.5,48.2,0.00,0.00,0.8,2.5,342.5,1.1,3.3,346.5,544,1000.79,1000.70,1000.74,2.0
HFAL,2018-07-13 13:00:00 EDT,28.6,26.5,27.9,47.5,37.3,40.5,0.00,0.00,1.3,3.9,216.8,1.6,4.5,211.3,876,1000.77,1000.12,1000.43,3.2
HFAL,2018-07-13 14:00:00 EDT,29.1,26.9,27.9,42.1,38.4,39.9,0.00,0.00,1.3,4.4,186.2,1.6,5.2,187.4,488,1000.04,999.48,999.76,1.8
HFAL,2018-07-13 15:00:00 EDT,29.3,27.6,28.6,40.2,36.6,38.0,0.00,0.00,1.6,5.5,190.5,1.9,6.7,190.3,626,999.51,999.08,999.29,2.3
HFAL,2018-07-13 16:00:00 EDT,30.2,28.3,29.0,39.6,36.1,38.6,0.00,0.00,1.8,4.4,194.9,2.1,5.7,197.0,547,999.12,998.67,998.90,2.0
HFAL,2018-07-13 17:00:00 EDT,30.4,29.5,29.9,35.7,34.9,35.2,0.00,0.00,2.2,6.1,199.5,2.6,7.4,201.0,616,998.70,998.24,998.46,2.2
HFAL,2018-07-13 18:00:00 EDT,29.8,29.4,29.6,35.6,35.1,35.4,0.00,0.00,2.5,6.1,186.2,2.8,6.5,186.9,443,998.17,997.88,998.03,1.6
HFAL,2018-07-13 19:00:00 EDT,29.3,28.3,28.9,38.2,35.6,36.7,0.00,0.00,2.4,5.6,184.6,2.7,6.5,186.1,240,997.89,997.72,997.79,0.9
HFAL,2018-07-13 20:00:00 EDT,28.0,26.5,27.3,44.4,39.1,41.8,0.00,0.00,1.5,3.3,176.8,1.8,3.9,178.0,71,997.83,997.73,997.78,0.3
HFAL,2018-07-13 21:00:00 EDT,26.4,25.3,26.0,50.6,43.7,46.6,0.00,0.00,2.0,5.0,169.1,2.3,6.0,170.9,8,997.83,997.61,997.71,0.0
HFAL,2018-07-13 22:00:00 EDT,25.3,23.8,24.8,54.3,50.4,51.9,0.00,0.00,1.8,4.9,178.6,2.1,5.7,179.7,0,998.21,997.87,998.08,0.0
HFAL,2018-07-13 23:00:00 EDT,23.9,22.9,23.5,57.8,54.4,56.3,0.00,0.00,0.5,2.0,276.0,0.7,2.9,284.5,0,998.25,998.10,998.18,0.0
HFAL,2018-07-14 00:00:00 EDT,24.0,22.6,23.2,57.9,53.7,56.1,0.00,0.00,0.6,2.1,210.2,0.7,3.3,211.8,0,998.33,998.08,998.22,0.0
HFAL,2018-07-14 01:00:00 EDT,22.3,21.3,21.7,62.6,59.8,61.2,0.00,0.00,0.8,2.2,174.4,1.0,2.8,174.8,0,998.17,998.04,998.09,0.0
HFAL,2018-07-14 02:00:00 EDT,22.1,20.7,21.4,64.2,61.0,62.6,0.00,0.00,0.9,2.5,174.7,1.1,3.2,176.0,0,998.10,997.94,998.01,0.0
HFAL,2018-07-14 03:00:00 EDT,22.4,22.0,22.1,60.6,59.0,60.0,0.00,0.00,1.0,3.1,218.2,1.2,4.3,220.1,0,998.32,997.88,998.12,0.0
HFAL,2018-07-14 04:00:00 EDT,22.5,22.4,22.5,59.3,58.7,58.9,0.00,0.00,1.2,3.3,224.7,1.5,4.1,225.8,0,997.87,997.54,997.74,0.0
HFAL,2018-07-14 05:00:00 EDT,22.6,21.9,22.4,62.0,59.5,60.2,0.00,0.00,0.8,3.8,217.7,1.0,4.5,221.7,0,997.52,997.36,997.43,0.0
HFAL,2018-07-14 06:00:00 EDT,22.0,21.2,21.7,65.5,62.6,64.1,0.00,0.00,0.6,3.3,225.8,0.8,3.6,229.9,3,997.59,997.34,997.48,0.0
HFAL,2018-07-14 07:00:00 EDT,22.3,21.7,21.9,65.1,63.1,64.1,0.00,0.00,0.8,3.1,231.5,1.1,3.8,236.0,50,997.65,997.38,997.54,0.2
HFAL,2018-07-14 08:00:00 EDT,22.7,22.5,22.6,64.2,61.9,62.6,0.00,0.00,0.9,3.7,230.2,1.2,5.2,235.9,104,997.44,997.24,997.35,0.4
HFAL,2018-07-14 09:00:00 EDT,23.8,22.4,23.0,65.7,61.0,63.1,0.00,0.00,0.9,3.3,241.7,1.2,4.5,248.3,225,997.45,997.16,997.30,0.8
HFAL,2018-07-14 10:00:00 EDT,25.3,24.0,24.6,59.6,55.8,57.5,0.00,0.00,1.6,5.0,223.8,2.0,6.2,226.2,416,997.32,996.70,996.97,1.5
HFAL,2018-07-14 11:00:00 EDT,27.6,24.8,26.3,57.8,49.8,53.4,0.00,0.00,1.5,5.5,217.2,1.8,5.7,221.0,673,996.66,996.18,996.35,2.4
HFAL,2018-07-14 12:00:00 EDT,29.4,27.9,28.5,49.4,47.1,48.2,0.00,0.00,1.2,3.3,244.0,1.5,4.2,250.5,806,996.19,996.04,996.12,2.9
HFAL,2018-07-14 13:00:00 EDT,29.9,28.7,29.4,49.6,46.8,48.4,0.00,0.00,1.4,5.4,208.9,1.7,6.4,211.2,716,995.97,995.17,995.57,2.6
HFAL,2018-07-14 14:00:00 EDT,30.5,29.5,29.9,50.1,46.9,48.7,0.00,0.00,2.0,5.8,202.3,2.4,7.1,203.4,630,995.16,994.74,994.99,2.3
HFAL,2018-07-14 15:00:00 EDT,29.9,29.2,29.5,51.4,47.1,49.9,0.00,0.00,2.4,6.1,180.7,2.8,7.9,182.7,342,994.72,994.14,994.43,1.2
HFAL,2018-07-14 16:00:00 EDT,30.1,29.5,29.8,50.8,49.1,50.0,0.00,0.00,2.9,6.5,180.9,3.4,7.6,182.5,343,994.15,993.95,994.06,1.2
HFAL,2018-07-14 17:00:00 EDT,30.1,29.1,29.6,53.4,49.9,51.4,0.00,0.00,2.7,6.4,178.1,3.2,7.9,179.6,237,993.95,993.58,993.75,0.9
HFAL,2018-07-14 18:00:00 EDT,29.1,23.2,26.2,90.0,54.0,71.3,3.13,3.13,1.9,5.5,165.2,2.3,6.0,166.4,70,993.72,993.40,993.53,0.3
HFAL,2018-07-14 19:00:00 EDT,24.5,23.0,23.7,93.5,82.4,88.8,1.59,4.72,1.8,5.0,171.0,2.2,6.0,170.8,133,993.54,992.70,993.20,0.5
HFAL,2018-07-14 20:00:00 EDT,24.3,22.3,23.4,94.7,81.3,87.4,0.69,5.41,1.0,4.2,161.7,1.2,5.5,162.3,28,993.45,992.60,992.86,0.1
HFAL,2018-07-14 21:00:00 EDT,22.9,20.1,21.3,95.8,92.2,94.5,12.42,17.83,2.3,9.9,21.7,2.7,11.4,23.2,0,995.14,993.53,994.60,0.0
HFAL,2018-07-14 22:00:00 EDT,21.1,20.0,20.4,97.1,91.1,94.7,1.28,19.11,1.2,3.4,163.9,1.4,4.4,166.1,0,995.00,994.60,994.78,0.0
HFAL,2018-07-14 23:00:00 EDT,20.3,20.0,20.2,97.7,97.2,97.4,0.00,19.11,0.8,2.9,182.3,1.0,3.3,185.3,0,995.08,994.56,994.76,0.0
HFAL,2018-07-15 00:00:00 EDT,21.4,20.2,20.7,97.8,92.6,96.6,0.38,19.49,1.4,3.5,177.6,1.7,4.4,178.2,0,995.20,994.39,994.89,0.0
HFAL,2018-07-15 01:00:00 EDT,21.4,20.6,21.0,94.9,91.3,93.4,0.45,0.45,1.4,4.3,177.2,1.7,5.6,177.9,0,994.87,994.46,994.64,0.0
HFAL,2018-07-15 02:00:00 EDT,20.4,20.2,20.3,97.7,95.8,97.1,0.15,0.60,0.2,1.6,178.3,0.4,2.1,167.0,0,994.53,994.20,994.30,0.0
HFAL,2018-07-15 03:00:00 EDT,21.0,20.4,20.8,97.9,97.7,97.8,0.05,0.65,0.5,1.7,199.7,0.7,2.2,199.1,0,994.29,993.80,994.00,0.0
HFAL,2018-07-15 04:00:00 EDT,21.2,21.1,21.1,97.9,96.7,97.5,0.14,0.79,0.8,2.6,197.1,1.0,3.2,197.9,0,993.76,993.60,993.71,0.0
HFAL,2018-07-15 05:00:00 EDT,21.4,20.8,21.1,96.6,93.5,95.7,0.55,1.34,0.9,3.3,200.4,1.1,4.3,201.0,0,994.06,993.35,993.69,0.0
HFAL,2018-07-15 06:00:00 EDT,21.5,20.8,21.1,94.9,92.0,93.4,0.08,1.42,0.9,3.6,192.8,1.1,3.9,192.7,1,993.49,993.30,993.37,0.0
HFAL,2018-07-15 07:00:00 EDT,21.1,20.7,20.9,95.7,93.4,94.4,0.00,1.42,0.5,1.8,201.2,0.7,2.3,202.8,19,993.69,993.52,993.61,0.1
HFAL,2018-07-15 08:00:00 EDT,21.6,20.7,21.2,96.1,90.3,93.8,0.00,1.42,0.5,3.0,220.6,0.7,3.8,220.2,63,993.69,993.44,993.57,0.2
HFAL,2018-07-15 09:00:00 EDT,23.0,21.6,22.2,91.4,82.4,87.9,0.00,1.42,0.9,3.7,229.1,1.1,4.4,231.9,221,993.41,993.11,993.26,0.8
HFAL,2018-07-15 10:00:00 EDT,24.0,22.5,23.4,87.4,81.3,84.1,0.00,1.42,0.6,2.5,300.2,0.8,3.0,297.7,360,993.35,993.06,993.18,1.3
HFAL,2018-07-15 11:00:00 EDT,25.7,23.8,24.8,82.5,76.5,79.3,0.00,1.42,0.8,3.0,231.1,1.0,3.0,240.4,523,993.35,993.04,993.19,1.9
HFAL,2018-07-15 12:00:00 EDT,27.0,25.5,26.3,75.6,69.7,72.5,0.00,1.42,0.7,2.9,226.8,0.9,3.3,230.2,687,993.03,992.62,992.87,2.5
HFAL,2018-07-15 13:00:00 EDT,28.0,26.5,27.3,76.5,69.2,73.3,0.00,1.42,2.1,5.9,183.9,2.5,6.5,184.3,776,992.62,992.35,992.48,2.8
HFAL,2018-07-15 14:00:00 EDT,28.3,23.4,26.0,92.6,69.0,79.9,23.79,25.21,2.1,6.0,175.9,2.5,7.2,175.8,365,992.43,992.17,992.28,1.3
HFAL,2018-07-15 15:00:00 EDT,25.9,22.1,23.6,90.9,71.8,83.5,3.33,28.54,3.9,9.4,173.7,4.5,10.9,175.0,468,992.01,991.52,991.76,1.7
HFAL,2018-07-15 16:00:00 EDT,27.0,24.9,25.9,79.9,64.2,71.2,0.00,28.54,2.1,7.0,173.9,2.5,7.8,175.8,580,991.82,991.27,991.58,2.1
HFAL,2018-07-15 17:00:00 EDT,27.8,25.7,26.8,74.3,64.3,69.4,0.00,28.54,0.5,2.0,5.3,0.7,2.5,354.4,394,991.39,991.20,991.29,1.4
HFAL,2018-07-15 18:00:00 EDT,27.3,24.7,26.2,78.1,61.0,70.4,0.00,28.54,1.1,3.6,168.7,1.3,4.8,170.0,190,991.28,990.99,991.08,0.7
HFAL,2018-07-15 19:00:00 EDT,27.1,25.1,26.3,77.2,64.1,69.7,0.00,28.54,1.0,3.1,184.2,1.1,4.0,184.9,179,991.21,991.08,991.16,0.6
HFAL,2018-07-15 20:00:00 EDT,25.1,23.6,24.2,83.3,73.5,78.8,0.00,28.54,1.0,1.7,166.3,1.1,1.9,167.7,32,991.50,991.08,991.23,0.1
HFAL,2018-07-15 21:00:00 EDT,24.6,23.2,23.9,79.8,71.6,76.3,0.00,28.54,0.9,2.3,179.3,1.1,2.8,179.8,5,991.70,991.48,991.59,0.0
HFAL,2018-07-15 22:00:00 EDT,24.9,22.7,23.5,89.0,76.2,83.7,0.00,28.54,0.6,1.7,186.8,0.8,2.0,186.8,0,992.18,991.73,991.93,0.0
HFAL,2018-07-15 23:00:00 EDT,23.5,22.6,23.0,90.7,86.6,88.8,0.00,28.54,1.0,2.3,175.1,1.1,2.6,176.9,0,992.30,992.20,992.25,0.0
HFAL,2018-07-16 00:00:00 EDT,22.3,21.6,21.9,93.8,90.1,92.5,0.00,28.54,0.5,1.5,182.1,0.7,1.9,184.6,0,992.47,992.23,992.38,0.0
HFAL,2018-07-16 01:00:00 EDT,23.4,22.1,22.9,91.3,82.2,86.0,0.00,0.00,0.9,2.9,198.5,1.1,3.4,200.1,0,992.54,992.40,992.48,0.0
HFAL,2018-07-16 02:00:00 EDT,22.5,21.1,22.0,91.9,85.8,88.1,0.00,0.00,0.3,0.9,217.0,0.4,1.4,217.1,0,992.54,992.37,992.45,0.0
HFAL,2018-07-16 03:00:00 EDT,21.3,20.4,20.8,95.1,91.7,93.8,0.00,0.00,0.7,1.5,148.7,0.9,1.7,148.6,0,992.57,992.24,992.40,0.0
HFAL,2018-07-16 04:00:00 EDT,21.0,20.1,20.6,95.8,94.1,95.1,0.00,0.00,0.5,1.8,178.0,0.6,2.2,176.2,0,992.34,992.21,992.26,0.0
HFAL,2018-07-16 05:00:00 EDT,20.6,20.2,20.4,96.2,95.0,95.7,0.00,0.00,0.4,1.2,196.2,0.6,1.6,194.3,0,992.36,992.21,992.30,0.0
HFAL,2018-07-16 06:00:00 EDT,20.8,20.2,20.5,96.1,94.0,95.0,0.00,0.00,0.5,2.1,226.5,0.7,2.8,230.0,4,992.74,992.35,992.52,0.0
HFAL,2018-07-16 07:00:00 EDT,21.4,20.5,21.0,94.8,90.4,92.4,0.00,0.00,0.5,2.7,226.6,0.7,3.4,233.9,29,992.99,992.77,992.93,0.1
HFAL,2018-07-16 08:00:00 EDT,21.9,20.7,21.3,92.7,88.6,91.3,0.00,0.00,0.4,1.4,339.2,0.5,2.0,343.3,144,993.08,992.95,993.00,0.5
HFAL,2018-07-16 09:00:00 EDT,24.5,22.0,23.5,87.3,77.2,81.3,0.00,0.00,0.5,1.6,334.5,0.7,1.9,343.0,406,993.20,993.05,993.14,1.5
HFAL,2018-07-16 10:00:00 EDT,26.7,24.5,25.6,76.9,70.7,74.1,0.00,0.00,0.6,1.8,337.1,0.8,2.6,340.2,571,993.17,992.96,993.03,2.1
HFAL,2018-07-16 11:00:00 EDT,28.8,26.5,27.8,73.0,69.1,71.1,0.00,0.00,0.8,3.5,5.6,1.1,4.4,4.4,709,992.94,992.81,992.87,2.6
HFAL,2018-07-16 12:00:00 EDT,30.2,28.5,29.4,68.4,61.2,65.2,0.00,0.00,1.0,3.7,178.0,1.3,4.3,175.4,805,992.74,992.39,992.52,2.9
HFAL,2018-07-16 13:00:00 EDT,30.3,29.7,29.9,62.9,56.4,60.7,0.00,0.00,2.1,5.2,190.6,2.5,5.6,191.7,865,992.34,991.93,992.13,3.1
HFAL,2018-07-16 14:00:00 EDT,31.3,30.1,30.7,61.2,55.9,58.8,0.00,0.00,2.2,5.1,189.4,2.6,5.7,189.8,848,991.85,991.37,991.57,3.1
HFAL,2018-07-16 15:00:00 EDT,31.9,31.2,31.5,55.6,50.7,53.1,0.00,0.00,2.2,5.9,191.4,2.6,6.7,192.7,842,991.24,990.74,990.96,3.0
HFAL,2018-07-16 16:00:00 EDT,32.5,31.3,31.9,52.6,49.9,51.4,0.00,0.00,1.9,5.8,184.5,2.3,6.8,185.5,692,990.60,990.01,990.32,2.5
HFAL,2018-07-16 17:00:00 EDT,29.1,25.4,27.6,73.7,61.9,67.4,0.00,0.00,1.2,6.5,326.9,1.5,7.0,320.8,483,991.11,990.15,990.55,1.7
HFAL,2018-07-16 18:00:00 EDT,30.0,29.3,29.6,64.3,61.7,63.2,0.00,0.00,0.5,3.1,279.1,0.7,3.1,292.6,428,990.17,989.70,989.90,1.5
HFAL,2018-07-16 19:00:00 EDT,30.2,29.3,29.8,67.0,59.0,62.5,0.00,0.00,0.7,3.9,211.1,0.9,4.5,210.4,242,989.80,989.61,989.73,0.9
HFAL,2018-07-16 20:00:00 EDT,29.9,27.6,28.8,71.7,59.5,64.7,0.00,0.00,1.8,4.3,179.5,2.1,5.1,180.3,64,989.76,989.44,989.57,0.2
HFAL,2018-07-16 21:00:00 EDT,27.4,26.3,26.8,77.6,72.7,75.1,0.00,0.00,1.9,4.8,172.8,2.2,5.6,174.3,4,989.82,989.25,989.44,0.0
HFAL,2018-07-16 22:00:00 EDT,26.7,25.5,26.4,81.6,75.9,77.4,0.00,0.00,1.4,4.5,184.4,1.7,6.8,185.6,0,990.24,989.91,990.12,0.0
HFAL,2018-07-16 23:00:00 EDT,25.3,24.7,25.1,85.2,82.1,84.0,0.00,0.00,0.3,1.5,237.8,0.5,2.0,226.7,0,990.15,989.85,990.01,0.0
HFAL,2018-07-17 00:00:00 EDT,25.6,24.5,24.9,85.9,82.3,84.4,0.00,0.00,0.7,2.9,182.7,0.9,3.2,186.7,0,989.96,989.77,989.88,0.0
HFAL,2018-07-17 01:00:00 EDT,24.6,23.8,24.2,88.0,84.7,86.6,0.00,0.00,0.4,2.1,188.6,0.5,2.3,188.4,0,990.00,989.70,989.89,0.0
HFAL,2018-07-17 02:00:00 EDT,24.9,23.7,24.2,88.8,84.7,86.4,0.00,0.00,0.3,1.6,186.7,0.4,2.1,186.7,0,989.78,989.35,989.50,0.0
HFAL,2018-07-17 03:00:00 EDT,24.0,23.6,23.8,88.4,86.8,87.8,0.00,0.00,0.3,1.5,167.2,0.5,2.2,164.2,0,989.34,988.85,989.07,0.0
HFAL,2018-07-17 04:00:00 EDT,24.7,23.6,24.2,88.5,83.1,85.5,0.00,0.00,1.3,4.4,195.1,1.5,4.9,196.3,0,988.82,988.53,988.67,0.0
HFAL,2018-07-17 05:00:00 EDT,24.4,23.7,24.2,85.8,82.5,84.2,0.00,0.00,1.2,3.8,200.0,1.4,4.4,201.8,0,988.61,988.36,988.47,0.0
HFAL,2018-07-17 06:00:00 EDT,24.2,23.1,23.9,86.3,82.5,83.8,0.00,0.00,0.8,3.3,213.2,1.0,3.9,216.4,2,988.43,988.25,988.34,0.0
HFAL,2018-07-17 07:00:00 EDT,24.4,23.1,23.6,88.1,81.4,85.3,0.00,0.00,1.1,4.8,199.9,1.3,6.1,204.8,31,988.42,987.85,988.08,0.1
HFAL,2018-07-17 08:00:00 EDT,24.4,23.5,24.0,86.6,82.2,84.8,0.00,0.00,0.6,1.8,251.7,0.8,2.1,255.8,138,988.25,988.14,988.19,0.5
HFAL,2018-07-17 09:00:00 EDT,26.1,24.4,25.1,83.8,78.5,81.3,0.00,0.00,1.0,4.7,205.2,1.2,5.4,209.2,320,988.16,987.67,987.96,1.2
HFAL,2018-07-17 10:00:00 EDT,27.5,26.1,26.8,78.5,73.7,75.9,0.00,0.00,1.8,5.4,204.4,2.0,6.0,206.4,516,987.63,987.30,987.44,1.9
HFAL,2018-07-17 11:00:00 EDT,28.0,26.8,27.4,74.9,71.3,73.5,0.00,0.00,2.3,6.0,193.1,2.7,6.8,193.9,414,987.35,987.13,987.23,1.5
HFAL,2018-07-17 12:00:00 EDT,28.9,27.4,28.4,75.6,70.4,72.8,0.00,0.00,2.6,7.4,187.0,3.0,8.5,187.5,749,987.11,986.13,986.69,2.7
HFAL,2018-07-17 13:00:00 EDT,29.0,21.4,26.9,93.6,70.8,76.5,11.35,11.35,2.4,6.2,194.5,2.9,7.4,197.2,356,987.19,985.50,986.02,1.3
HFAL,2018-07-17 14:00:00 EDT,21.5,20.8,21.2,96.3,91.1,94.2,8.21,19.56,1.4,5.4,199.3,1.7,6.4,200.3,9,986.91,986.28,986.51,0.0
HFAL,2018-07-17 15:00:00 EDT,22.5,21.6,22.1,97.1,95.2,96.1,1.55,21.11,0.6,2.2,276.4,0.8,2.9,275.4,121,986.37,985.65,986.04,0.4
HFAL,2018-07-17 16:00:00 EDT,23.6,21.9,23.1,97.1,91.8,94.3,0.02,21.13,0.4,1.8,260.3,0.6,2.2,271.5,309,985.90,985.42,985.62,1.1
HFAL,2018-07-17 17:00:00 EDT,23.6,22.5,23.0,96.0,92.3,94.6,0.00,21.13,0.6,3.0,162.3,0.8,3.4,159.9,101,986.16,985.19,985.79,0.4
HFAL,2018-07-17 18:00:00 EDT,23.2,22.7,22.9,95.9,95.1,95.5,0.00,21.13,0.3,0.9,16.8,0.4,1.2,45.3,116,986.12,985.62,985.91,0.4
HFAL,2018-07-17 19:00:00 EDT,23.6,23.1,23.4,95.3,92.3,93.4,0.00,21.13,0.3,1.9,185.4,0.5,2.5,177.9,158,986.90,985.88,986.40,0.6
HFAL,2018-07-17 20:00:00 EDT,23.3,22.5,22.8,96.0,92.9,94.8,0.00,21.13,0.3,1.7,203.3,0.5,2.0,196.4,29,987.41,986.87,987.22,0.1
HFAL,2018-07-17 21:00:00 EDT,22.5,22.1,22.3,97.7,96.2,96.8,0.00,21.13,0.5,1.9,151.4,0.7,2.4,136.2,4,987.56,987.14,987.27,0.0
HFAL,2018-07-17 22:00:00 EDT,22.1,21.1,21.6,97.8,97.4,97.6,0.00,21.13,0.7,1.8,170.3,0.9,2.1,169.1,0,988.21,987.71,987.95,0.0
HFAL,2018-07-17 23:00:00 EDT,21.0,20.2,20.5,97.5,96.2,97.2,0.00,21.13,0.8,2.3,191.8,1.0,2.8,194.1,0,988.17,987.84,987.96,0.0
HFAL,2018-07-18 00:00:00 EDT,21.1,20.6,20.9,98.3,97.3,98.1,0.00,21.13,1.0,2.5,209.1,1.2,2.8,210.5,0,988.01,987.59,987.81,0.0
HFAL,2018-07-18 01:00:00 EDT,20.5,19.4,20.2,98.5,98.2,98.4,0.00,0.00,0.7,2.6,293.2,0.9,3.4,292.0,0,987.73,987.52,987.63,0.0
HFAL,2018-07-18 02:00:00 EDT,19.0,17.4,18.0,97.9,95.1,96.2,0.00,0.00,0.7,2.3,214.7,0.8,2.4,218.3,0,987.81,987.59,987.70,0.0
HFAL,2018-07-18 03:00:00 EDT,17.4,16.5,16.8,94.7,87.6,91.5,0.00,0.00,1.5,4.2,204.4,1.7,4.6,206.2,0,987.67,987.43,987.54,0.0
HFAL,2018-07-18 04:00:00 EDT,18.4,17.0,17.9,83.4,75.8,78.7,0.00,0.00,1.3,5.2,214.1,1.5,5.5,216.7,0,988.01,987.65,987.84,0.0
HFAL,2018-07-18 05:00:00 EDT,18.0,16.1,17.2,89.2,78.7,82.8,0.00,0.00,1.2,2.6,209.7,1.3,3.0,212.8,0,988.90,988.03,988.43,0.0
HFAL,2018-07-18 06:00:00 EDT,17.2,16.4,16.7,88.3,81.6,84.6,0.00,0.00,1.8,3.8,207.9,2.0,3.9,210.1,3,989.76,988.94,989.35,0.0
HFAL,2018-07-18 07:00:00 EDT,17.8,16.5,16.8,86.4,81.4,85.0,0.00,0.00,1.0,2.8,204.9,1.2,3.3,206.0,22,990.14,989.80,989.99,0.1
HFAL,2018-07-18 08:00:00 EDT,18.3,17.8,18.1,81.1,78.9,80.0,0.00,0.00,1.1,3.2,20.1,1.3,3.6,20.7,143,990.57,990.18,990.44,0.5
HFAL,2018-07-18 09:00:00 EDT,20.1,18.2,19.2,82.1,76.5,79.4,0.00,0.00,1.6,4.0,18.1,1.9,4.4,19.7,429,991.00,990.61,990.79,1.5
HFAL,2018-07-18 10:00:00 EDT,21.2,20.2,20.7,77.5,70.1,73.5,0.00,0.00,2.0,4.8,19.6,2.3,5.6,20.5,594,991.42,991.07,991.29,2.1
HFAL,2018-07-18 11:00:00 EDT,22.3,21.5,21.8,71.7,67.3,69.6,0.00,0.00,2.3,4.6,15.7,2.6,5.4,16.9,740,991.32,991.20,991.24,2.7
HFAL,2018-07-18 12:00:00 EDT,23.4,22.6,23.1,68.7,63.0,65.4,0.00,0.00,1.5,4.5,24.5,1.8,5.6,26.4,834,991.28,990.93,991.14,3.0
HFAL,2018-07-18 13:00:00 EDT,24.7,23.2,24.2,63.5,57.6,60.6,0.00,0.00,1.2,4.0,34.8,1.6,4.4,40.2,852,990.88,990.60,990.76,3.1
HFAL,2018-07-18 14:00:00 EDT,26.6,24.7,25.3,56.7,49.4,54.2,0.00,0.00,1.4,4.1,18.6,1.7,5.1,19.4,861,990.57,990.47,990.51,3.1
HFAL,2018-07-18 15:00:00 EDT,26.3,25.4,25.8,53.6,44.8,50.8,0.00,0.00,2.0,5.1,12.6,2.4,6.2,14.3,906,990.68,990.52,990.60,3.3
HFAL,2018-07-18 16:00:00 EDT,26.5,25.4,26.2,47.7,36.5,42.5,0.00,0.00,1.4,5.0,351.4,1.8,5.7,351.7,781,990.66,990.43,990.55,2.8
HFAL,2018-07-18 17:00:00 EDT,26.5,26.1,26.3,43.3,36.5,38.7,0.00,0.00,1.7,5.2,11.3,2.0,6.0,10.9,633,990.46,990.36,990.41,2.3
HFAL,2018-07-18 18:00:00 EDT,26.1,25.1,25.6,41.9,35.8,39.8,0.00,0.00,1.5,5.2,8.2,1.9,5.7,9.1,464,990.51,990.34,990.40,1.7
HFAL,2018-07-18 19:00:00 EDT,25.0,23.4,24.2,46.2,41.1,44.1,0.00,0.00,1.2,4.7,5.1,1.6,6.1,5.9,281,991.11,990.60,990.78,1.0
HFAL,2018-07-18 20:00:00 EDT,23.1,21.1,22.1,53.8,44.5,48.9,0.00,0.00,0.5,2.6,334.4,0.8,3.7,333.5,77,991.46,991.14,991.32,0.3
HFAL,2018-07-18 21:00:00 EDT,20.8,19.4,20.1,57.7,54.3,55.7,0.00,0.00,0.9,2.0,209.9,1.0,3.2,212.1,5,992.16,991.52,991.86,0.0
HFAL,2018-07-18 22:00:00 EDT,20.7,19.8,20.3,53.6,50.3,51.7,0.00,0.00,1.4,2.7,214.1,1.5,3.4,216.3,0,992.87,992.24,992.57,0.0
HFAL,2018-07-18 23:00:00 EDT,19.7,18.6,19.2,56.8,53.3,54.7,0.00,0.00,0.9,2.6,212.4,1.0,3.2,214.0,0,993.26,992.90,993.10,0.0
HFAL,2018-07-19 00:00:00 EDT,19.3,18.2,18.7,57.8,53.2,55.4,0.00,0.00,0.5,2.4,239.3,0.7,2.9,241.6,0,993.55,993.31,993.49,0.0
HFAL,2018-07-19 01:00:00 EDT,18.2,16.9,17.3,63.8,57.4,61.9,0.00,0.00,0.7,2.4,211.3,0.9,2.8,210.6,0,993.99,993.61,993.84,0.0
HFAL,2018-07-19 02:00:00 EDT,17.2,15.4,16.2,71.7,62.6,67.3,0.00,0.00,1.3,2.4,203.9,1.5,2.6,206.7,0,994.41,993.98,994.20,0.0
HFAL,2018-07-19 03:00:00 EDT,15.5,15.0,15.3,72.4,67.9,69.9,0.00,0.00,1.2,3.3,204.1,1.4,3.7,206.7,0,994.79,994.36,994.52,0.0
HFAL,2018-07-19 04:00:00 EDT,15.3,13.5,14.3,76.4,68.6,73.5,0.00,0.00,0.5,2.3,200.6,0.7,2.7,199.5,0,994.98,994.79,994.85,0.0
HFAL,2018-07-19 05:00:00 EDT,13.6,13.3,13.5,79.3,76.4,77.8,0.00,0.00,0.6,1.3,185.2,0.8,1.6,186.4,0,995.65,995.02,995.32,0.0
HFAL,2018-07-19 06:00:00 EDT,13.6,11.6,12.3,89.8,78.0,86.0,0.00,0.00,0.2,1.1,192.0,0.3,1.3,193.7,3,996.21,995.66,996.00,0.0
HFAL,2018-07-19 07:00:00 EDT,12.6,11.6,12.0,92.0,85.6,89.5,0.00,0.00,0.2,1.7,174.0,0.3,1.9,173.6,19,996.45,996.21,996.34,0.1
HFAL,2018-07-19 08:00:00 EDT,14.1,12.5,13.3,89.2,77.3,83.4,0.00,0.00,0.4,1.3,334.1,0.6,1.7,338.0,144,996.94,996.50,996.70,0.5
HFAL,2018-07-19 09:00:00 EDT,18.0,14.4,16.2,75.6,61.4,67.9,0.00,0.00,0.4,1.7,9.7,0.6,2.3,11.5,447,997.15,996.94,997.02,1.6
HFAL,2018-07-19 10:00:00 EDT,19.7,18.0,18.9,63.2,55.5,59.9,0.00,0.00,1.0,3.6,11.9,1.3,4.3,12.5,619,997.45,997.17,997.25,2.2
HFAL,2018-07-19 11:00:00 EDT,21.9,20.3,21.1,57.0,47.7,50.9,0.00,0.00,1.6,4.4,16.1,2.0,5.0,18.5,760,997.57,997.43,997.51,2.7
HFAL,2018-07-19 12:00:00 EDT,22.7,21.4,22.3,46.8,40.7,43.8,0.00,0.00,1.4,3.6,18.2,1.7,4.7,20.7,860,997.41,997.23,997.34,3.1
HFAL,2018-07-19 13:00:00 EDT,24.2,23.1,23.5,43.8,39.5,41.7,0.00,0.00,1.0,3.2,0.1,1.3,4.0,359.6,912,997.31,997.01,997.16,3.3
HFAL,2018-07-19 14:00:00 EDT,24.8,23.9,24.3,40.9,38.6,39.7,0.00,0.00,1.0,4.4,190.2,1.3,5.1,188.3,915,996.99,996.46,996.77,3.3
HFAL,2018-07-19 15:00:00 EDT,25.7,24.6,25.2,41.7,38.8,40.3,0.00,0.00,1.1,4.9,144.3,1.4,5.8,138.9,866,996.42,995.92,996.14,3.1
HFAL,2018-07-19 16:00:00 EDT,26.3,24.9,25.5,41.8,39.6,41.0,0.00,0.00,1.2,4.7,162.6,1.5,5.8,159.7,768,995.92,995.75,995.85,2.8
HFAL,2018-07-19 17:00:00 EDT,26.1,25.5,25.8,44.1,40.9,42.5,0.00,0.00,1.1,3.8,143.9,1.5,3.8,141.4,629,995.77,995.47,995.57,2.3
HFAL,2018-07-19 18:00:00 EDT,26.1,25.6,25.8,44.3,42.1,43.2,0.00,0.00,1.3,3.8,166.2,1.6,4.6,165.3,460,995.59,995.48,995.53,1.7
HFAL,2018-07-19 19:00:00 EDT,25.8,24.9,25.4,45.2,42.2,43.5,0.00,0.00,1.0,3.3,169.5,1.3,3.9,170.1,279,995.53,995.39,995.45,1.0
HFAL,2018-07-19 20:00:00 EDT,24.8,23.0,24.0,50.5,45.4,47.5,0.00,0.00,1.3,3.2,155.2,1.5,4.0,154.7,76,995.60,995.49,995.56,0.3
HFAL,2018-07-19 21:00:00 EDT,22.5,20.2,21.3,62.4,51.8,56.3,0.00,0.00,1.0,2.7,160.0,1.3,3.6,160.0,5,996.06,995.60,995.80,0.0
HFAL,2018-07-19 22:00:00 EDT,20.5,19.1,20.0,64.7,57.8,60.6,0.00,0.00,1.4,2.2,152.3,1.5,2.8,152.9,0,996.79,996.12,996.48,0.0
HFAL,2018-07-19 23:00:00 EDT,20.5,18.2,19.4,68.6,57.1,62.3,0.00,0.00,0.8,2.7,156.7,1.0,3.0,157.8,0,996.97,996.78,996.86,0.0
HFAL,2018-07-20 00:00:00 EDT,18.7,17.8,18.3,71.8,66.3,68.4,0.00,0.00,0.5,2.0,184.5,0.7,2.4,186.8,0,997.34,996.90,997.12,0.0
HFAL,2018-07-20 01:00:00 EDT,18.5,16.6,17.3,75.8,67.9,72.6,0.00,0.00,0.3,1.1,194.6,0.4,1.5,199.9,0,997.54,997.34,997.43,0.0
HFAL,2018-07-20 02:00:00 EDT,16.6,15.3,16.0,82.6,76.9,79.3,0.00,0.00,0.5,2.4,193.4,0.7,2.6,192.0,0,997.61,997.47,997.53,0.0
HFAL,2018-07-20 03:00:00 EDT,16.5,15.7,16.0,80.9,76.9,79.3,0.00,0.00,0.4,1.7,181.8,0.6,2.5,183.6,0,997.72,997.57,997.66,0.0
HFAL,2018-07-20 04:00:00 EDT,17.3,15.5,16.3,82.6,75.7,79.5,0.00,0.00,0.8,2.2,195.1,0.9,2.8,196.4,0,997.86,997.71,997.81,0.0
HFAL,2018-07-20 05:00:00 EDT,17.5,16.1,16.9,81.9,75.2,78.0,0.00,0.00,0.7,2.2,191.1,0.8,2.6,192.8,0,997.79,997.68,997.74,0.0
HFAL,2018-07-20 06:00:00 EDT,16.8,15.9,16.4,84.1,81.1,83.0,0.00,0.00,0.5,1.8,193.0,0.6,2.1,192.6,3,998.09,997.77,997.92,0.0
HFAL,2018-07-20 07:00:00 EDT,18.3,15.4,17.5,85.6,75.0,78.1,0.00,0.00,1.0,2.5,187.8,1.2,3.3,188.9,19,998.33,998.08,998.20,0.1
HFAL,2018-07-20 08:00:00 EDT,19.2,15.1,16.3,89.2,74.6,86.1,0.00,0.00,0.2,2.0,258.6,0.3,2.5,259.4,141,998.65,998.43,998.56,0.5
HFAL,2018-07-20 09:00:00 EDT,20.9,18.7,20.0,75.1,66.6,71.0,0.00,0.00,0.4,2.6,311.3,0.7,2.6,319.8,435,998.76,998.65,998.71,1.6
HFAL,2018-07-20 10:00:00 EDT,23.6,21.3,22.6,67.8,58.1,61.9,0.00,0.00,0.7,3.0,256.6,1.0,3.8,267.5,606,998.74,998.67,998.71,2.2
HFAL,2018-07-20 11:00:00 EDT,25.0,23.5,24.2,62.7,57.2,59.9,0.00,0.00,1.0,2.8,154.3,1.2,3.6,149.6,746,998.76,998.66,998.71,2.7
HFAL,2018-07-20 12:00:00 EDT,25.7,25.0,25.3,58.5,48.0,52.5,0.00,0.00,1.8,4.9,184.0,2.2,6.1,183.3,849,998.73,998.51,998.65,3.1
HFAL,2018-07-20 13:00:00 EDT,26.3,25.2,25.9,52.8,40.6,47.2,0.00,0.00,2.2,5.7,190.8,2.5,6.4,191.3,906,998.53,998.26,998.44,3.3
HFAL,2018-07-20 14:00:00 EDT,27.1,26.3,26.6,45.5,41.9,44.6,0.00,0.00,2.2,6.2,198.9,2.5,8.5,199.6,906,998.20,997.64,997.91,3.3
HFAL,2018-07-20 15:00:00 EDT,27.6,26.8,27.2,47.0,42.5,44.7,0.00,0.00,1.4,4.5,187.4,1.8,5.4,187.3,862,997.63,997.17,997.40,3.1
HFAL,2018-07-20 16:00:00 EDT,27.5,26.0,27.1,51.4,45.2,47.7,0.00,0.00,1.7,5.0,186.6,2.0,5.6,185.0,703,997.17,996.83,997.00,2.5
HFAL,2018-07-20 17:00:00 EDT,27.8,27.3,27.5,46.7,44.1,45.4,0.00,0.00,1.3,5.8,166.4,1.7,7.0,162.2,650,996.79,996.52,996.60,2.3
HFAL,2018-07-20 18:00:00 EDT,27.7,26.8,27.2,46.9,44.1,45.5,0.00,0.00,1.5,4.4,176.1,1.8,5.9,175.5,459,996.57,996.23,996.39,1.7
HFAL,2018-07-20 19:00:00 EDT,26.7,25.2,25.9,54.1,46.4,51.5,0.00,0.00,1.6,4.8,185.5,1.9,6.3,186.2,266,996.34,996.20,996.29,1.0
HFAL,2018-07-20 20:00:00 EDT,25.2,23.4,24.2,58.0,54.4,56.4,0.00,0.00,2.0,5.1,173.9,2.4,6.2,174.7,65,996.61,996.38,996.52,0.2
HFAL,2018-07-20 21:00:00 EDT,23.3,22.4,22.8,58.8,57.4,58.1,0.00,0.00,2.6,5.6,168.0,3.1,7.0,169.9,4,996.86,996.60,996.70,0.0
HFAL,2018-07-20 22:00:00 EDT,22.4,21.4,22.0,58.0,56.2,57.0,0.00,0.00,2.4,5.5,175.4,2.8,6.5,176.8,0,997.20,996.82,997.04,0.0
HFAL,2018-07-20 23:00:00 EDT,21.1,20.2,20.7,60.8,58.9,60.0,0.00,0.00,1.9,3.9,169.3,2.3,4.6,170.4,0,997.32,997.19,997.26,0.0
HFAL,2018-07-21 00:00:00 EDT,20.2,19.6,19.9,64.9,60.7,62.5,0.00,0.00,1.9,4.0,178.1,2.2,4.9,179.4,0,997.26,997.07,997.20,0.0
HFAL,2018-07-21 01:00:00 EDT,19.6,18.7,19.1,69.1,65.1,67.2,0.00,0.00,1.4,4.2,173.5,1.7,4.6,174.3,0,997.06,996.89,996.97,0.0
HFAL,2018-07-21 02:00:00 EDT,18.7,17.7,18.2,75.1,69.4,72.2,0.00,0.00,1.0,3.0,165.5,1.2,3.5,166.8,0,997.15,996.92,997.03,0.0
HFAL,2018-07-21 03:00:00 EDT,18.0,17.0,17.6,78.5,74.3,76.4,0.00,0.00,0.9,2.2,164.1,1.1,2.7,164.9,0,996.98,996.86,996.91,0.0
HFAL,2018-07-21 04:00:00 EDT,17.3,16.5,17.1,83.2,78.5,80.5,0.00,0.00,1.0,1.7,169.3,1.2,2.1,169.8,0,996.91,996.80,996.87,0.0
HFAL,2018-07-21 05:00:00 EDT,16.0,15.4,15.7,91.2,84.3,89.6,0.00,0.00,0.1,0.9,163.5,0.3,1.1,167.0,0,997.00,996.83,996.92,0.0
HFAL,2018-07-21 06:00:00 EDT,15.3,14.5,15.0,93.5,91.3,92.6,0.00,0.00,0.1,0.8,145.3,0.2,0.8,160.4,5,996.93,996.70,996.81,0.0
HFAL,2018-07-21 07:00:00 EDT,15.6,14.7,15.2,94.3,90.5,92.7,0.00,0.00,0.0,0.8,14.6,0.1,0.9,24.6,44,996.76,996.65,996.71,0.2
HFAL,2018-07-21 08:00:00 EDT,16.3,15.4,15.8,91.8,88.0,90.3,0.00,0.00,0.4,1.0,0.5,0.5,1.5,357.8,151,996.93,996.56,996.74,0.5
HFAL,2018-07-21 09:00:00 EDT,19.3,16.5,18.0,87.3,78.7,82.6,0.00,0.00,0.7,3.1,50.7,0.9,3.9,57.9,379,997.15,996.80,996.97,1.4
HFAL,2018-07-21 10:00:00 EDT,21.5,19.4,20.4,79.3,65.7,74.1,0.00,0.00,1.0,5.0,120.3,1.4,6.4,118.8,512,997.13,996.96,997.05,1.8
HFAL,2018-07-21 11:00:00 EDT,22.4,20.9,21.7,67.7,59.1,63.2,0.00,0.00,1.1,3.8,110.3,1.5,5.6,102.5,595,997.04,996.86,996.95,2.1
HFAL,2018-07-21 12:00:00 EDT,23.1,22.2,22.7,58.4,55.2,57.1,0.00,0.00,1.2,3.9,109.7,1.6,4.8,107.2,804,996.98,996.52,996.77,2.9
HFAL,2018-07-21 13:00:00 EDT,24.0,22.8,23.5,56.0,51.4,53.2,0.00,0.00,1.3,5.3,112.9,1.8,6.8,115.1,908,996.31,995.63,995.97,3.3
HFAL,2018-07-21 14:00:00 EDT,24.9,24.1,24.4,51.9,46.2,48.4,0.00,0.00,1.4,5.3,104.3,1.9,6.5,106.2,874,995.60,995.35,995.50,3.1
HFAL,2018-07-21 15:00:00 EDT,24.8,23.6,24.3,47.5,42.1,44.4,0.00,0.00,1.5,5.0,140.2,2.0,6.9,140.3,709,995.25,994.93,995.06,2.6
HFAL,2018-07-21 16:00:00 EDT,23.6,23.2,23.4,49.8,45.0,47.0,0.00,0.00,0.8,3.5,113.3,1.2,4.5,113.0,437,994.89,994.61,994.74,1.6
HFAL,2018-07-21 17:00:00 EDT,23.4,22.9,23.2,55.0,49.7,52.7,0.00,0.00,0.6,2.8,139.6,0.9,3.7,141.9,323,994.55,994.26,994.42,1.2
HFAL,2018-07-21 18:00:00 EDT,23.1,21.5,22.2,59.8,56.0,58.2,0.00,0.00,1.3,4.1,185.4,1.6,4.7,185.5,178,994.28,994.12,994.21,0.6
HFAL,2018-07-21 19:00:00 EDT,21.4,21.0,21.2,66.0,60.3,62.7,0.00,0.00,0.9,3.1,180.4,1.2,4.2,182.0,88,994.36,994.19,994.28,0.3
HFAL,2018-07-21 20:00:00 EDT,20.9,20.2,20.6,72.3,67.3,69.8,0.00,0.00,0.9,4.1,26.5,1.2,4.8,28.1,25,994.41,994.25,994.33,0.1
HFAL,2018-07-21 21:00:00 EDT,20.3,19.6,20.0,74.7,71.3,72.8,0.00,0.00,1.0,3.1,17.1,1.2,3.5,16.8,2,994.17,993.80,993.97,0.0
HFAL,2018-07-21 22:00:00 EDT,20.4,19.7,20.1,74.2,63.9,68.3,0.00,0.00,1.1,4.1,25.1,1.4,5.1,25.9,0,993.89,993.45,993.68,0.0
HFAL,2018-07-21 23:00:00 EDT,20.4,19.8,20.3,62.8,60.2,61.4,0.00,0.00,1.3,4.0,22.1,1.6,5.3,22.3,0,993.42,992.68,993.05,0.0
HFAL,2018-07-22 00:00:00 EDT,19.4,16.8,17.7,88.2,65.4,78.9,0.83,0.83,0.6,1.8,37.8,0.8,2.3,39.1,0,992.64,992.31,992.49,0.0
HFAL,2018-07-22 01:00:00 EDT,17.2,16.4,16.8,93.1,89.0,90.9,0.53,0.53,0.9,3.6,30.9,1.1,4.8,31.4,0,992.29,991.59,991.97,0.0
HFAL,2018-07-22 02:00:00 EDT,17.3,16.6,17.0,96.1,90.5,92.9,2.53,3.06,1.5,4.1,20.4,1.9,5.0,19.9,0,991.50,991.09,991.30,0.0
HFAL,2018-07-22 03:00:00 EDT,16.8,16.7,16.8,97.5,96.3,97.1,3.14,6.20,1.5,4.1,19.8,1.8,4.6,20.1,0,990.89,990.05,990.45,0.0
HFAL,2018-07-22 04:00:00 EDT,16.9,16.9,16.9,97.5,97.2,97.3,0.58,6.78,1.8,4.4,23.3,2.2,5.2,23.0,0,990.04,989.07,989.57,0.0
HFAL,2018-07-22 05:00:00 EDT,17.1,16.9,17.0,97.5,97.3,97.4,0.76,7.54,2.0,5.3,21.2,2.4,6.0,20.9,0,988.98,988.28,988.54,0.0
HFAL,2018-07-22 06:00:00 EDT,17.3,17.1,17.2,98.0,97.5,97.7,1.02,8.56,1.9,5.2,19.1,2.3,6.0,19.3,0,988.29,988.07,988.17,0.0
HFAL,2018-07-22 07:00:00 EDT,17.7,17.3,17.5,98.3,98.0,98.1,0.84,9.40,1.6,3.6,17.3,1.9,4.9,16.9,5,988.34,988.06,988.27,0.0
HFAL,2018-07-22 08:00:00 EDT,18.2,17.6,17.9,98.5,98.3,98.4,1.65,11.05,1.4,3.6,14.0,1.7,4.7,14.1,32,988.79,988.30,988.52,0.1
HFAL,2018-07-22 09:00:00 EDT,18.8,18.3,18.5,98.6,98.4,98.5,0.02,11.07,1.4,4.1,5.1,1.7,4.8,5.7,59,989.11,988.71,988.96,0.2
HFAL,2018-07-22 10:00:00 EDT,21.1,18.9,20.2,98.8,98.0,98.7,0.07,11.14,1.3,4.0,32.4,1.6,5.2,37.6,68,989.34,988.89,989.04,0.2
HFAL,2018-07-22 11:00:00 EDT,22.6,21.2,21.8,97.2,90.3,92.7,0.00,11.14,1.3,6.4,183.0,1.8,7.1,180.4,198,990.36,989.39,989.85,0.7
HFAL,2018-07-22 12:00:00 EDT,23.1,22.6,22.8,88.8,85.3,86.6,0.00,11.14,2.1,7.6,181.5,2.5,9.2,181.0,286,991.03,990.42,990.68,1.0
HFAL,2018-07-22 13:00:00 EDT,22.8,22.5,22.6,87.1,85.1,86.3,0.00,11.14,1.6,7.4,181.3,2.0,8.8,182.2,165,992.04,991.16,991.66,0.6
HFAL,2018-07-22 14:00:00 EDT,25.6,22.8,24.5,86.1,73.1,78.8,0.00,11.14,2.5,7.6,183.0,3.0,8.5,183.6,735,992.10,991.93,992.03,2.6
HFAL,2018-07-22 15:00:00 EDT,26.8,25.1,26.0,72.6,67.8,70.3,0.00,11.14,1.9,6.0,192.1,2.3,6.9,194.2,603,992.35,992.14,992.22,2.2
HFAL,2018-07-22 16:00:00 EDT,27.8,26.4,27.1,70.9,66.2,68.7,0.00,11.14,1.5,6.1,174.6,1.8,7.0,172.2,609,992.12,991.83,991.95,2.2
HFAL,2018-07-22 17:00:00 EDT,27.8,26.0,27.0,74.8,67.4,70.6,0.00,11.14,1.1,5.4,145.2,1.5,6.7,138.4,424,992.26,991.94,992.07,1.5
HFAL,2018-07-22 18:00:00 EDT,26.7,25.7,26.2,76.7,71.9,74.2,0.00,11.14,1.4,6.2,135.4,1.9,7.9,136.9,250,992.56,992.30,992.46,0.9
HFAL,2018-07-22 19:00:00 EDT,26.5,25.4,25.9,74.8,73.2,73.9,0.00,11.14,1.2,5.3,134.5,1.7,6.6,135.7,189,992.90,992.41,992.61,0.7
HFAL,2018-07-22 20:00:00 EDT,25.4,23.1,24.5,86.2,74.4,78.0,0.36,11.50,1.0,5.0,140.7,1.4,6.1,138.4,22,993.71,992.95,993.30,0.1
HFAL,2018-07-22 21:00:00 EDT,22.8,22.2,22.5,93.4,88.2,91.1,0.17,11.67,1.1,4.4,49.0,1.6,6.2,52.0,1,993.90,993.60,993.72,0.0
HFAL,2018-07-22 22:00:00 EDT,22.1,21.8,21.9,96.0,94.0,95.5,0.36,12.03,0.8,3.4,54.2,1.1,4.6,52.3,0,994.65,993.95,994.33,0.0
HFAL,2018-07-22 23:00:00 EDT,21.9,21.5,21.7,97.1,95.6,96.3,0.00,12.03,0.7,2.7,22.7,1.0,3.3,22.9,0,994.65,994.47,994.58,0.0
HFAL,2018-07-23 00:00:00 EDT,21.8,21.5,21.7,97.4,97.2,97.3,0.07,12.10,0.6,2.4,26.6,0.8,3.1,27.6,0,994.79,994.62,994.68,0.0
HFAL,2018-07-23 01:00:00 EDT,21.8,21.7,21.7,98.0,97.5,97.7,0.40,0.40,0.7,2.0,24.3,0.9,2.6,24.5,0,994.94,994.77,994.85,0.0
HFAL,2018-07-23 02:00:00 EDT,22.1,21.9,22.0,98.0,98.0,98.0,4.97,5.37,0.4,2.7,59.9,0.7,3.4,60.3,0,994.90,994.68,994.81,0.0
HFAL,2018-07-23 03:00:00 EDT,22.1,22.0,22.1,98.2,98.0,98.1,1.21,6.58,0.5,1.6,12.7,0.7,1.9,14.1,0,994.65,994.25,994.46,0.0
HFAL,2018-07-23 04:00:00 EDT,22.3,22.0,22.1,98.3,96.1,97.3,12.68,19.26,0.8,4.8,191.0,1.1,4.8,190.0,0,994.66,994.23,994.36,0.0
HFAL,2018-07-23 05:00:00 EDT,22.6,22.2,22.5,97.8,97.0,97.5,6.13,25.39,0.6,4.0,25.2,0.8,4.9,30.7,0,994.71,994.30,994.44,0.0
HFAL,2018-07-23 06:00:00 EDT,23.0,22.5,22.6,97.7,97.1,97.5,0.69,26.08,0.5,2.2,357.1,0.7,3.1,359.7,3,995.10,994.72,994.97,0.0
HFAL,2018-07-23 07:00:00 EDT,22.7,22.5,22.6,98.1,97.8,97.9,3.05,29.13,1.0,3.0,15.7,1.2,3.8,17.1,14,995.58,995.13,995.30,0.1
HFAL,2018-07-23 08:00:00 EDT,23.1,22.8,22.9,98.1,97.6,97.8,3.87,33.00,0.8,3.4,17.5,1.1,4.3,16.2,36,995.95,995.66,995.73,0.1
HFAL,2018-07-23 09:00:00 EDT,23.2,22.9,23.0,97.6,95.9,96.6,2.59,35.59,0.7,2.9,77.5,1.0,4.0,72.2,42,996.19,995.76,995.91,0.2
HFAL,2018-07-23 10:00:00 EDT,23.2,23.0,23.1,95.9,94.2,95.1,0.46,36.05,0.7,2.9,200.7,1.0,3.5,195.6,91,996.57,996.30,996.42,0.3
HFAL,2018-07-23 11:00:00 EDT,23.7,23.0,23.5,94.5,90.1,91.8,0.22,36.27,1.4,4.7,185.2,1.7,5.8,186.4,301,997.13,996.65,996.88,1.1
HFAL,2018-07-23 12:00:00 EDT,23.7,22.9,23.1,94.7,92.2,93.8,0.79,37.06,1.4,4.8,177.5,1.8,6.1,178.2,250,997.44,997.09,997.25,0.9
HFAL,2018-07-23 13:00:00 EDT,25.3,23.7,24.6,91.8,82.9,86.9,0.00,37.06,1.8,6.3,184.9,2.2,7.5,185.7,486,997.56,997.28,997.47,1.8
HFAL,2018-07-23 14:00:00 EDT,26.2,24.5,25.2,86.4,78.6,83.3,0.00,37.06,1.7,5.3,179.7,2.0,5.9,181.2,427,997.52,997.03,997.30,1.5
HFAL,2018-07-23 15:00:00 EDT,25.6,24.5,25.1,89.8,80.3,85.6,1.00,38.06,1.1,6.0,178.2,1.4,7.1,177.4,213,997.22,997.06,997.16,0.8
HFAL,2018-07-23 16:00:00 EDT,25.4,23.6,24.5,93.2,88.8,91.4,4.56,42.62,1.1,4.2,184.2,1.3,5.0,185.0,334,997.28,996.78,996.99,1.2
HFAL,2018-07-23 17:00:00 EDT,26.5,25.1,25.7,91.1,81.3,86.0,0.00,42.62,1.1,5.3,183.6,1.5,6.4,183.2,317,996.84,996.63,996.75,1.1
HFAL,2018-07-23 18:00:00 EDT,25.9,25.2,25.5,82.5,80.2,81.6,0.00,42.62,1.6,7.3,178.0,2.0,8.4,178.5,127,997.05,996.79,996.95,0.5
HFAL,2018-07-23 19:00:00 EDT,25.3,24.7,25.0,84.8,80.9,82.1,0.00,42.62,1.0,5.6,161.3,1.3,6.4,158.1,60,997.81,997.12,997.43,0.2
HFAL,2018-07-23 20:00:00 EDT,24.7,23.5,24.3,91.7,85.4,87.5,0.34,42.96,0.6,2.6,344.4,0.8,3.4,355.3,20,998.29,997.84,998.08,0.1
HFAL,2018-07-23 21:00:00 EDT,23.8,23.0,23.3,93.6,90.3,92.5,5.87,48.83,1.1,6.7,184.2,1.4,6.6,186.7,1,998.75,998.35,998.52,0.0
HFAL,2018-07-23 22:00:00 EDT,23.4,22.6,22.9,95.9,92.4,94.2,2.21,51.04,0.7,4.5,207.6,1.0,5.2,209.4,0,999.42,998.73,999.09,0.0
HFAL,2018-07-23 23:00:00 EDT,23.1,22.5,22.8,96.3,93.5,95.1,0.00,51.04,0.6,3.0,62.5,0.9,4.0,60.9,0,999.40,999.28,999.33,0.0
HFAL,2018-07-24 00:00:00 EDT,23.0,22.4,22.9,95.4,92.5,93.4,0.00,51.04,0.6,3.6,177.9,0.9,4.0,178.5,0,999.30,999.15,999.23,0.0
HFAL,2018-07-24 01:00:00 EDT,23.0,22.7,22.9,94.5,92.0,92.9,0.00,0.00,0.7,3.3,153.4,1.0,4.1,147.7,0,999.43,999.31,999.37,0.0
HFAL,2018-07-24 02:00:00 EDT,22.9,22.2,22.6,96.2,92.2,94.4,1.39,1.39,0.7,4.2,157.6,0.9,4.7,139.9,0,999.49,999.18,999.32,0.0
HFAL,2018-07-24 03:00:00 EDT,22.9,22.2,22.6,95.1,92.0,93.8,0.00,1.39,0.8,4.1,118.7,1.1,4.3,113.5,0,999.18,999.02,999.08,0.0
HFAL,2018-07-24 04:00:00 EDT,22.7,22.2,22.4,95.7,92.6,94.1,2.06,3.45,0.6,3.0,140.1,0.9,3.8,118.8,0,999.06,998.99,999.02,0.0
HFAL,2018-07-24 05:00:00 EDT,22.5,22.2,22.3,96.2,95.1,95.6,1.64,5.09,0.7,3.0,95.9,1.0,3.7,87.1,0,999.05,998.88,998.94,0.0
HFAL,2018-07-24 06:00:00 EDT,22.5,22.3,22.4,96.6,94.8,95.8,0.21,5.30,0.7,3.8,33.3,1.0,4.8,32.6,2,999.31,998.97,999.14,0.0
HFAL,2018-07-24 07:00:00 EDT,22.6,22.3,22.4,96.7,96.0,96.4,2.24,7.54,0.7,3.7,34.4,1.0,5.0,80.2,21,999.42,999.27,999.38,0.1
HFAL,2018-07-24 08:00:00 EDT,22.6,22.4,22.5,96.4,95.3,95.8,4.03,11.57,0.7,3.3,181.8,1.0,4.5,160.2,35,999.51,999.33,999.44,0.1
HFAL,2018-07-24 09:00:00 EDT,23.5,22.6,23.1,96.4,93.7,95.0,0.23,11.80,0.7,2.7,306.6,0.9,3.6,318.1,156,999.73,999.44,999.53,0.6
HFAL,2018-07-24 10:00:00 EDT,24.0,23.4,23.7,94.9,91.2,93.5,0.48,12.28,0.7,2.6,205.2,0.9,3.2,205.1,128,999.73,999.64,999.69,0.5
HFAL,2018-07-24 11:00:00 EDT,24.8,23.9,24.5,91.7,86.8,89.6,0.51,12.79,0.9,3.6,193.7,1.2,4.1,195.1,306,999.73,999.52,999.64,1.1
HFAL,2018-07-24 12:00:00 EDT,26.5,25.4,26.0,86.3,76.9,80.7,0.00,12.79,1.4,4.8,191.9,1.7,5.5,192.8,555,999.56,999.03,999.31,2.0
HFAL,2018-07-24 13:00:00 EDT,26.4,25.5,26.0,80.2,73.7,76.8,0.00,12.79,1.5,6.9,196.6,1.9,7.4,197.1,310,999.09,998.91,999.00,1.1
HFAL,2018-07-24 14:00:00 EDT,27.9,26.1,27.1,80.0,66.8,72.6,0.00,12.79,1.2,5.9,205.9,1.5,6.7,201.9,533,998.89,998.46,998.69,1.9
HFAL,2018-07-24 15:00:00 EDT,28.4,27.9,28.1,66.8,62.9,64.3,0.00,12.79,2.5,8.1,185.7,3.0,10.1,186.0,758,998.32,998.10,998.19,2.7
HFAL,2018-07-24 16:00:00 EDT,28.4,27.6,28.0,65.1,62.7,63.8,0.00,12.79,2.4,7.8,196.5,2.9,10.3,195.9,647,998.08,997.38,997.67,2.3
HFAL,2018-07-24 17:00:00 EDT,28.7,27.4,27.9,67.3,61.8,64.4,0.00,12.79,1.8,6.8,192.5,2.3,10.1,192.9,522,997.43,997.27,997.35,1.9
HFAL,2018-07-24 18:00:00 EDT,27.6,27.0,27.3,68.7,66.0,67.2,0.00,12.79,1.7,6.3,196.4,2.1,6.6,196.5,336,997.33,997.16,997.24,1.2
HFAL,2018-07-24 19:00:00 EDT,27.6,26.2,26.9,69.3,66.1,68.2,0.00,12.79,1.6,7.3,202.5,2.0,8.5,202.1,256,997.18,996.83,996.97,0.9
HFAL,2018-07-24 20:00:00 EDT,26.0,24.7,25.4,79.3,70.4,74.8,0.00,12.79,1.1,5.7,189.1,1.4,7.0,190.7,46,997.10,996.80,996.95,0.2
HFAL,2018-07-24 21:00:00 EDT,25.1,23.8,24.3,82.9,78.2,81.1,0.00,12.79,0.8,3.6,193.9,1.0,4.3,214.8,3,997.24,997.02,997.12,0.0
HFAL,2018-07-24 22:00:00 EDT,23.8,23.3,23.6,86.1,83.1,85.1,0.00,12.79,0.7,3.1,30.4,0.9,3.7,28.7,0,997.40,997.22,997.33,0.0
HFAL,2018-07-24 23:00:00 EDT,23.9,23.3,23.7,86.3,83.7,84.8,0.00,12.79,0.5,3.2,76.0,0.8,4.2,77.5,0,997.38,997.30,997.35,0.0
HFAL,2018-07-25 00:00:00 EDT,23.7,23.0,23.4,90.2,85.6,87.9,0.00,12.79,0.5,2.3,119.3,0.8,3.3,105.1,0,997.35,997.07,997.24,0.0
HFAL,2018-07-25 01:00:00 EDT,23.2,22.6,22.9,93.3,90.0,91.6,0.12,0.12,0.6,2.6,99.9,0.9,3.2,99.5,0,997.05,996.55,996.81,0.0
HFAL,2018-07-25 02:00:00 EDT,23.0,22.6,22.8,92.6,91.3,92.0,0.10,0.22,0.5,2.5,69.8,0.8,3.4,68.8,0,996.49,995.88,996.21,0.0
HFAL,2018-07-25 03:00:00 EDT,22.9,22.5,22.7,93.5,91.3,92.3,0.05,0.27,0.7,2.6,50.1,1.0,3.7,50.2,0,995.82,995.19,995.47,0.0
HFAL,2018-07-25 04:00:00 EDT,22.9,22.4,22.6,93.2,90.6,92.0,0.11,0.38,0.7,3.4,312.1,0.9,4.5,358.7,0,995.19,994.77,994.94,0.0
HFAL,2018-07-25 05:00:00 EDT,22.8,22.2,22.5,93.9,91.6,93.2,0.30,0.68,0.7,2.7,171.4,1.0,3.6,173.2,0,994.76,994.25,994.56,0.0
HFAL,2018-07-25 06:00:00 EDT,22.7,22.1,22.5,96.0,92.7,94.1,0.12,0.80,0.6,2.9,359.4,0.9,3.5,2.1,6,994.21,994.06,994.15,0.0
HFAL,2018-07-25 07:00:00 EDT,22.3,22.0,22.2,97.1,96.0,96.5,2.42,3.22,0.7,3.2,23.2,1.0,3.3,23.3,11,994.03,993.49,993.77,0.0
HFAL,2018-07-25 08:00:00 EDT,22.4,21.9,22.2,97.1,93.8,95.9,7.31,10.53,1.6,7.4,190.5,1.9,8.4,192.4,14,993.65,993.27,993.46,0.1
HFAL,2018-07-25 09:00:00 EDT,22.2,21.8,22.0,94.5,93.4,94.1,0.47,11.00,2.1,6.1,193.9,2.4,6.5,194.2,99,993.59,993.43,993.50,0.4
HFAL,2018-07-25 10:00:00 EDT,22.8,22.1,22.4,94.7,92.3,93.8,0.00,11.00,0.7,3.2,201.1,0.9,3.4,202.3,145,993.42,993.12,993.28,0.5
HFAL,2018-07-25 11:00:00 EDT,23.1,22.8,23.0,94.4,91.1,92.1,0.00,11.00,1.0,4.4,183.3,1.2,4.6,185.3,156,993.16,992.91,993.06,0.6
HFAL,2018-07-25 12:00:00 EDT,23.9,23.4,23.7,91.9,87.8,89.3,0.00,11.00,1.4,5.1,182.1,1.7,5.9,182.3,238,992.95,992.43,992.68,0.9
HFAL,2018-07-25 13:00:00 EDT,24.1,23.4,23.7,92.5,89.2,90.9,0.12,11.12,1.1,3.7,189.9,1.3,4.8,191.0,197,992.37,991.93,992.22,0.7
HFAL,2018-07-25 14:00:00 EDT,25.2,24.1,24.7,89.8,86.0,87.8,0.46,11.58,1.3,5.0,181.8,1.6,6.3,181.3,294,991.86,991.21,991.55,1.1
HFAL,2018-07-25 15:00:00 EDT,24.0,23.5,23.7,93.0,89.5,91.3,1.57,13.15,1.5,5.7,191.1,1.8,6.4,192.8,222,991.12,990.92,991.03,0.8
HFAL,2018-07-25 16:00:00 EDT,24.7,23.5,24.1,93.8,89.3,91.4,1.48,14.63,0.9,4.0,185.5,1.2,4.6,186.3,165,990.86,990.29,990.53,0.6
HFAL,2018-07-25 17:00:00 EDT,23.5,23.2,23.3,96.9,94.2,95.9,7.04,21.67,0.8,4.1,235.6,1.1,5.0,11.8,38,990.41,989.91,990.20,0.1
HFAL,2018-07-25 18:00:00 EDT,23.9,23.4,23.8,95.1,92.6,93.5,0.50,22.17,1.6,5.3,180.6,2.0,6.6,180.9,133,989.99,989.74,989.84,0.5
HFAL,2018-07-25 19:00:00 EDT,23.8,22.9,23.3,93.8,92.0,93.1,0.17,22.34,2.4,7.7,173.5,2.8,8.8,174.5,35,989.69,989.57,989.62,0.1
HFAL,2018-07-25 20:00:00 EDT,22.9,22.8,22.9,94.9,93.7,94.5,0.35,22.69,2.2,5.7,180.1,2.6,6.8,180.9,16,989.69,989.50,989.59,0.1
HFAL,2018-07-25 21:00:00 EDT,22.8,20.8,22.0,94.6,90.5,92.8,0.47,23.16,2.5,7.2,183.3,3.0,9.0,184.9,1,989.90,989.66,989.77,0.0
HFAL,2018-07-25 22:00:00 EDT,20.6,20.1,20.3,95.3,91.1,93.6,0.19,23.35,0.6,3.0,251.5,0.8,3.6,254.2,0,990.19,989.92,990.06,0.0
HFAL,2018-07-25 23:00:00 EDT,20.5,20.0,20.2,97.0,93.8,95.3,6.61,29.96,0.6,4.4,226.0,0.8,4.7,232.2,0,990.36,989.99,990.14,0.0
HFAL,2018-07-26 00:00:00 EDT,20.1,20.0,20.0,98.0,97.2,97.6,1.63,31.59,0.2,1.3,87.9,0.4,1.9,88.2,0,990.04,989.31,989.60,0.0
HFAL,2018-07-26 01:00:00 EDT,20.3,20.1,20.2,98.2,98.0,98.2,0.34,0.34,0.0,0.5,175.8,0.1,0.8,86.1,0,989.27,988.68,989.00,0.0
HFAL,2018-07-26 02:00:00 EDT,20.2,20.0,20.1,98.4,98.2,98.3,0.22,0.56,0.0,0.4,210.4,0.2,0.7,141.8,0,988.60,987.90,988.25,0.0
HFAL,2018-07-26 03:00:00 EDT,20.2,20.0,20.1,98.5,98.4,98.5,0.02,0.58,0.3,1.4,215.1,0.4,1.7,213.5,0,987.83,987.36,987.58,0.0
HFAL,2018-07-26 04:00:00 EDT,20.0,19.8,19.9,98.6,98.5,98.6,0.00,0.58,0.4,1.7,204.8,0.5,1.9,202.4,0,987.46,987.05,987.25,0.0
HFAL,2018-07-26 05:00:00 EDT,20.0,19.9,20.0,98.6,98.6,98.6,0.59,1.17,0.2,1.2,201.4,0.3,1.6,202.5,0,987.49,987.37,987.43,0.0
HFAL,2018-07-26 06:00:00 EDT,20.1,19.9,20.0,98.6,98.5,98.6,0.10,1.27,0.4,1.6,180.9,0.6,2.2,181.3,1,987.73,987.48,987.61,0.0
HFAL,2018-07-26 07:00:00 EDT,20.3,20.0,20.2,98.5,98.4,98.5,0.00,1.27,0.4,1.5,174.3,0.5,1.9,174.9,18,987.86,987.74,987.80,0.1
HFAL,2018-07-26 08:00:00 EDT,20.9,20.4,20.6,98.4,96.5,97.7,0.00,1.27,0.6,2.1,204.4,0.8,2.8,205.5,75,988.05,987.80,987.89,0.3
HFAL,2018-07-26 09:00:00 EDT,21.9,21.0,21.4,96.7,93.6,95.9,0.00,1.27,0.6,1.5,7.9,0.8,2.2,10.1,229,988.30,988.08,988.20,0.8
HFAL,2018-07-26 10:00:00 EDT,22.5,21.4,21.9,92.4,89.1,90.9,0.00,1.27,0.7,2.5,215.6,1.0,3.2,216.1,288,988.71,988.31,988.50,1.0
HFAL,2018-07-26 11:00:00 EDT,24.8,22.8,24.1,88.4,77.5,82.4,0.00,1.27,0.7,1.9,251.2,0.9,2.5,270.2,629,988.91,988.65,988.79,2.3
HFAL,2018-07-26 12:00:00 EDT,26.0,24.8,25.3,79.6,71.0,76.5,0.00,1.27,0.8,2.5,24.3,1.1,3.1,25.0,622,988.98,988.89,988.93,2.2
HFAL,2018-07-26 13:00:00 EDT,26.8,24.7,25.5,81.6,71.4,76.3,0.00,1.27,0.8,2.9,195.8,1.0,3.1,191.4,635,988.94,988.80,988.89,2.3
HFAL,2018-07-26 14:00:00 EDT,27.0,25.9,26.5,73.9,66.2,69.2,0.00,1.27,0.7,3.8,16.4,0.9,4.0,13.1,479,988.90,988.80,988.85,1.7
HFAL,2018-07-26 15:00:00 EDT,27.9,26.5,27.3,67.1,56.4,60.2,0.00,1.27,0.8,2.7,7.8,1.0,3.3,7.6,751,988.89,988.57,988.77,2.7
HFAL,2018-07-26 16:00:00 EDT,29.0,27.8,28.3,60.5,55.9,58.4,0.00,1.27,0.8,2.2,61.1,1.0,2.6,36.2,739,988.73,988.60,988.66,2.7
HFAL,2018-07-26 17:00:00 EDT,28.8,27.2,28.1,68.8,60.4,63.6,0.00,1.27,1.0,3.5,177.7,1.3,4.4,179.0,471,988.69,988.50,988.61,1.7
HFAL,2018-07-26 18:00:00 EDT,28.8,27.6,28.4,68.5,59.8,62.9,0.00,1.27,1.0,3.6,170.6,1.3,3.7,169.5,389,988.62,988.40,988.49,1.4
HFAL,2018-07-26 19:00:00 EDT,28.6,27.1,28.0,63.0,53.9,58.9,0.00,1.27,0.7,2.1,192.3,0.9,2.8,193.6,240,988.69,988.38,988.52,0.9
HFAL,2018-07-26 20:00:00 EDT,26.9,25.3,25.9,65.8,58.0,62.4,0.00,1.27,1.4,3.6,176.6,1.6,4.2,177.6,58,989.26,988.67,989.05,0.2
HFAL,2018-07-26 21:00:00 EDT,26.1,23.1,25.2,69.4,56.6,59.8,0.00,1.27,1.2,3.6,187.3,1.4,4.2,189.5,3,990.17,989.25,989.66,0.0
HFAL,2018-07-26 22:00:00 EDT,23.7,21.8,22.9,72.9,67.8,69.6,0.00,1.27,0.7,1.8,182.9,0.8,2.0,180.9,0,990.90,990.23,990.57,0.0
HFAL,2018-07-26 23:00:00 EDT,22.9,21.7,22.2,80.8,73.5,77.6,0.00,1.27,0.7,1.7,171.7,0.9,2.0,171.9,0,990.88,990.81,990.86,0.0
HFAL,2018-07-27 00:00:00 EDT,23.3,22.0,22.8,81.0,72.3,76.4,0.00,1.27,1.3,2.9,187.9,1.5,3.2,188.9,0,991.19,990.93,991.03,0.0
HFAL,2018-07-27 01:00:00 EDT,23.1,20.9,22.2,82.8,72.9,77.2,0.00,0.00,1.0,2.4,182.1,1.2,3.0,182.3,0,991.40,991.14,991.26,0.0
HFAL,2018-07-27 02:00:00 EDT,21.2,20.1,20.7,86.3,80.6,83.5,0.00,0.00,0.6,1.6,179.6,0.8,1.9,179.5,0,991.24,990.95,991.08,0.0
HFAL,2018-07-27 03:00:00 EDT,21.5,20.8,21.3,81.9,79.8,80.4,0.00,0.00,1.0,2.5,190.3,1.2,2.8,192.2,0,991.35,991.08,991.20,0.0
HFAL,2018-07-27 04:00:00 EDT,21.3,19.7,20.9,85.9,81.0,82.7,0.00,0.00,0.7,2.3,192.2,0.9,2.5,192.2,0,991.19,990.97,991.05,0.0
HFAL,2018-07-27 05:00:00 EDT,20.9,20.6,20.7,84.3,83.0,83.7,0.00,0.00,0.9,1.8,188.3,1.1,2.4,189.6,0,991.20,991.09,991.15,0.0
HFAL,2018-07-27 06:00:00 EDT,21.2,20.4,20.9,84.9,82.2,83.4,0.00,0.00,1.0,2.3,193.3,1.1,2.8,194.6,3,991.55,991.20,991.38,0.0
HFAL,2018-07-27 07:00:00 EDT,21.6,20.8,21.1,84.7,82.8,83.9,0.00,0.00,0.9,2.1,179.8,1.1,2.4,180.8,43,991.89,991.63,991.77,0.2
HFAL,2018-07-27 08:00:00 EDT,22.6,21.8,22.2,82.3,79.2,80.6,0.00,0.00,0.9,2.5,197.7,1.1,3.1,198.4,176,992.41,991.91,992.13,0.6
HFAL,2018-07-27 09:00:00 EDT,24.0,22.3,22.8,80.2,76.6,78.5,0.00,0.00,1.3,3.8,195.3,1.5,5.1,196.2,237,992.68,992.41,992.54,0.9
HFAL,2018-07-27 10:00:00 EDT,25.8,24.3,25.1,75.2,66.8,72.6,0.00,0.00,1.1,4.1,186.3,1.4,5.0,185.3,587,992.64,992.11,992.43,2.1
HFAL,2018-07-27 11:00:00 EDT,26.2,24.9,25.5,77.3,71.9,75.6,0.00,0.00,2.3,5.5,180.9,2.7,6.5,180.9,548,992.59,992.03,992.30,2.0
HFAL,2018-07-27 12:00:00 EDT,26.6,25.6,26.1,77.0,74.0,75.5,0.00,0.00,2.0,6.0,183.7,2.4,7.8,184.5,501,992.83,992.64,992.75,1.8
HFAL,2018-07-27 13:00:00 EDT,28.3,26.4,27.5,73.0,64.1,68.4,0.00,0.00,2.4,6.5,191.5,2.8,7.7,191.9,754,992.64,992.09,992.43,2.7
HFAL,2018-07-27 14:00:00 EDT,29.6,28.4,29.0,63.1,57.3,60.8,0.00,0.00,3.1,8.0,192.3,3.5,9.0,192.8,949,992.05,991.67,991.93,3.4
HFAL,2018-07-27 15:00:00 EDT,29.5,27.3,28.3,65.1,55.1,61.1,0.00,0.00,1.3,5.8,224.2,1.6,7.5,228.3,538,991.73,991.56,991.67,1.9
HFAL,2018-07-27 16:00:00 EDT,29.4,26.6,28.1,65.6,46.7,53.6,0.00,0.00,0.9,4.6,209.0,1.2,4.7,211.2,472,991.50,990.99,991.28,1.7
HFAL,2018-07-27 17:00:00 EDT,26.2,21.1,23.3,85.3,68.2,77.3,2.77,2.77,1.9,6.8,161.6,2.3,9.3,163.1,87,991.95,991.13,991.51,0.3
HFAL,2018-07-27 18:00:00 EDT,21.2,19.8,20.2,95.3,80.8,91.6,5.37,8.14,1.5,5.7,175.4,1.8,7.6,177.5,27,993.31,991.54,992.23,0.1
HFAL,2018-07-27 19:00:00 EDT,20.0,18.7,19.0,95.3,93.1,94.2,13.71,21.85,1.2,4.9,196.4,1.5,6.2,200.2,2,994.00,993.34,993.65,0.0
HFAL,2018-07-27 20:00:00 EDT,19.5,18.7,19.0,96.2,94.0,95.5,0.94,22.79,1.4,4.8,187.1,1.6,4.7,186.0,5,993.36,992.69,993.09,0.0
HFAL,2018-07-27 21:00:00 EDT,18.7,18.3,18.5,97.5,96.1,97.0,0.00,22.79,0.6,5.0,149.0,0.8,5.5,147.3,1,993.58,993.00,993.34,0.0
HFAL,2018-07-27 22:00:00 EDT,18.5,18.3,18.4,97.8,94.5,96.9,0.00,22.79,0.8,2.5,188.2,1.0,3.3,189.5,0,993.90,993.44,993.75,0.0
HFAL,2018-07-27 23:00:00 EDT,18.3,18.2,18.2,97.6,97.1,97.3,0.00,22.79,0.6,1.8,155.2,0.7,1.9,159.2,0,994.02,993.65,993.86,0.0
HFAL,2018-07-28 00:00:00 EDT,18.8,18.3,18.6,97.6,96.5,97.1,0.36,23.15,0.5,2.0,169.7,0.7,2.4,172.7,0,994.18,993.86,994.01,0.0
HFAL,2018-07-28 01:00:00 EDT,19.1,18.5,18.8,97.8,97.2,97.5,1.16,1.16,0.6,2.9,152.9,0.7,3.5,150.9,0,994.05,993.27,993.58,0.0
HFAL,2018-07-28 02:00:00 EDT,19.2,19.0,19.1,97.3,96.7,97.0,0.00,1.16,0.9,2.6,176.1,1.1,3.1,178.1,0,993.31,993.14,993.22,0.0
HFAL,2018-07-28 03:00:00 EDT,19.2,18.9,19.1,97.0,96.6,96.7,0.00,1.16,0.8,2.1,192.5,1.0,2.6,193.9,0,993.12,992.80,992.93,0.0
HFAL,2018-07-28 04:00:00 EDT,19.4,19.1,19.3,96.6,95.0,95.8,0.00,1.16,1.1,3.0,198.3,1.3,3.1,199.5,0,992.94,992.42,992.66,0.0
HFAL,2018-07-28 05:00:00 EDT,19.3,19.1,19.2,96.2,95.7,96.0,0.00,1.16,1.1,3.4,197.5,1.3,3.7,199.2,0,992.60,992.36,992.50,0.0
HFAL,2018-07-28 06:00:00 EDT,19.1,18.7,18.9,96.8,96.0,96.6,0.00,1.16,0.6,1.9,188.9,0.8,2.4,189.7,2,992.61,992.42,992.50,0.0
HFAL,2018-07-28 07:00:00 EDT,18.6,18.2,18.4,98.0,96.6,97.5,0.00,1.16,0.2,0.9,142.7,0.4,1.2,145.5,33,992.99,992.67,992.81,0.1
HFAL,2018-07-28 08:00:00 EDT,19.3,18.6,18.9,98.2,97.9,98.0,0.00,1.16,0.2,1.4,359.5,0.4,1.7,333.1,108,993.27,993.03,993.14,0.4
HFAL,2018-07-28 09:00:00 EDT,20.3,19.2,19.7,97.7,91.7,95.5,0.00,1.16,0.3,1.5,280.0,0.5,2.1,275.5,231,993.42,993.24,993.36,0.8
HFAL,2018-07-28 10:00:00 EDT,20.7,20.1,20.3,93.0,88.2,91.2,0.00,1.16,0.8,3.4,184.9,1.1,4.6,181.7,321,993.87,993.39,993.63,1.2
HFAL,2018-07-28 11:00:00 EDT,23.0,20.7,21.6,88.0,82.1,85.6,0.00,1.16,1.2,4.1,181.9,1.5,4.8,182.4,649,993.92,993.75,993.84,2.3
HFAL,2018-07-28 12:00:00 EDT,24.2,23.2,23.7,82.7,79.4,81.3,0.00,1.16,1.5,5.0,198.5,1.8,5.6,198.9,722,993.75,993.50,993.61,2.6
HFAL,2018-07-28 13:00:00 EDT,25.5,23.8,24.4,82.6,76.5,79.4,0.00,1.16,1.4,3.6,191.9,1.7,4.8,193.8,597,993.49,992.75,993.03,2.1
HFAL,2018-07-28 14:00:00 EDT,25.0,24.1,24.5,82.4,76.8,80.0,0.00,1.16,1.4,4.0,184.7,1.6,4.2,185.5,264,992.63,991.89,992.36,1.0
HFAL,2018-07-28 15:00:00 EDT,26.6,24.9,25.5,77.7,70.9,74.6,0.00,1.16,1.7,4.7,189.9,2.1,6.1,190.4,463,991.86,991.70,991.77,1.7
HFAL,2018-07-28 16:00:00 EDT,26.7,24.9,25.9,79.1,70.3,74.2,0.00,1.16,1.2,3.6,186.9,1.5,3.6,187.7,526,991.84,991.44,991.59,1.9
HFAL,2018-07-28 17:00:00 EDT,28.0,26.4,27.2,70.3,58.3,65.9,0.00,1.16,1.2,4.1,203.2,1.4,4.7,205.2,554,991.44,991.05,991.20,2.0
HFAL,2018-07-28 18:00:00 EDT,27.1,26.3,26.7,71.7,67.6,69.7,0.00,1.16,2.1,5.1,171.8,2.5,6.2,172.6,424,991.10,990.88,990.98,1.5
HFAL,2018-07-28 19:00:00 EDT,26.8,26.4,26.6,69.3,63.9,66.6,0.00,1.16,1.6,3.8,175.2,1.9,4.7,176.7,235,991.31,991.04,991.15,0.8
HFAL,2018-07-28 20:00:00 EDT,26.2,24.7,25.7,65.5,57.7,60.6,0.00,1.16,1.1,3.6,201.8,1.3,4.6,203.5,58,991.97,991.37,991.71,0.2
HFAL,2018-07-28 21:00:00 EDT,24.4,22.1,23.2,73.8,61.3,68.7,0.00,1.16,1.0,2.4,203.8,1.1,2.7,206.3,2,992.45,991.94,992.14,0.0
HFAL,2018-07-28 22:00:00 EDT,22.8,21.3,22.3,77.4,70.5,73.2,0.00,1.16,1.1,2.1,201.3,1.3,2.7,203.8,0,993.16,992.54,992.84,0.0
HFAL,2018-07-28 23:00:00 EDT,22.4,21.0,21.6,79.6,72.4,76.1,0.00,1.16,0.6,1.7,214.2,0.7,1.8,214.2,0,993.35,993.16,993.26,0.0
HFAL,2018-07-29 00:00:00 EDT,21.2,19.8,20.4,88.3,81.0,84.9,0.00,1.16,0.9,2.6,186.3,1.0,3.0,185.9,0,993.94,993.34,993.60,0.0
HFAL,2018-07-29 01:00:00 EDT,20.7,19.9,20.1,89.3,83.7,87.6,0.00,0.00,0.4,1.3,166.1,0.6,1.9,168.1,0,994.22,993.88,994.04,0.0
HFAL,2018-07-29 02:00:00 EDT,20.7,19.3,20.1,85.6,79.4,81.3,0.00,0.00,0.3,1.5,222.5,0.5,2.4,215.2,0,994.66,994.21,994.47,0.0
HFAL,2018-07-29 03:00:00 EDT,19.7,18.1,18.9,92.0,84.3,87.1,0.00,0.00,0.5,1.6,145.2,0.7,2.0,147.5,0,994.76,994.56,994.68,0.0
HFAL,2018-07-29 04:00:00 EDT,18.5,17.6,18.1,92.7,89.3,91.4,0.00,0.00,0.3,1.2,137.9,0.4,1.7,133.6,0,994.88,994.65,994.78,0.0
HFAL,2018-07-29 05:00:00 EDT,17.8,16.9,17.3,94.5,88.6,92.1,0.00,0.00,0.6,1.3,146.7,0.7,1.5,146.7,0,995.28,994.88,995.10,0.0
HFAL,2018-07-29 06:00:00 EDT,17.0,16.2,16.7,95.2,93.9,94.5,0.00,0.00,0.6,1.3,145.8,0.7,1.7,147.6,2,995.84,995.34,995.56,0.0
HFAL,2018-07-29 07:00:00 EDT,17.4,16.2,16.8,96.2,92.0,94.9,0.00,0.00,0.4,1.7,189.9,0.6,2.2,191.7,32,996.28,995.88,996.16,0.1
HFAL,2018-07-29 08:00:00 EDT,18.3,17.3,17.7,90.9,81.6,85.9,0.00,0.00,1.1,3.3,215.2,1.2,4.0,218.1,134,996.62,996.27,996.45,0.5
HFAL,2018-07-29 09:00:00 EDT,19.9,18.5,19.0,82.0,74.9,79.0,0.00,0.00,0.8,2.8,230.9,1.0,3.5,236.7,357,996.79,996.52,996.64,1.3
HFAL,2018-07-29 10:00:00 EDT,21.7,20.1,20.9,73.8,67.2,70.2,0.00,0.00,0.6,2.6,317.5,0.9,3.2,325.8,577,996.59,996.07,996.29,2.1
HFAL,2018-07-29 11:00:00 EDT,22.8,21.7,22.2,68.9,61.3,64.9,0.00,0.00,1.0,3.0,338.1,1.3,3.4,332.2,677,996.35,996.01,996.15,2.4
HFAL,2018-07-29 12:00:00 EDT,23.5,22.4,22.8,63.3,54.2,59.6,0.00,0.00,0.7,3.7,272.5,1.0,4.4,279.9,632,996.37,996.29,996.34,2.3
HFAL,2018-07-29 13:00:00 EDT,24.1,23.2,23.7,58.3,53.0,55.7,0.00,0.00,1.0,3.4,16.8,1.3,3.8,16.9,762,996.32,995.70,996.08,2.7
HFAL,2018-07-29 14:00:00 EDT,24.9,23.8,24.3,57.7,51.7,54.8,0.00,0.00,0.9,3.5,281.1,1.2,4.3,278.6,650,995.86,995.60,995.68,2.3
HFAL,2018-07-29 15:00:00 EDT,25.7,23.7,24.8,57.5,49.0,53.4,0.00,0.00,0.7,2.3,351.6,1.0,2.9,349.8,640,995.83,995.63,995.72,2.3
HFAL,2018-07-29 16:00:00 EDT,26.2,25.0,25.8,53.5,48.1,50.0,0.00,0.00,0.8,2.7,350.6,1.1,3.6,349.1,725,995.81,995.52,995.65,2.6
HFAL,2018-07-29 17:00:00 EDT,26.3,24.4,25.5,54.6,45.7,49.7,0.00,0.00,0.6,3.2,347.8,0.9,4.0,342.9,484,995.62,995.43,995.53,1.7
HFAL,2018-07-29 18:00:00 EDT,26.1,25.4,25.8,46.9,43.5,45.1,0.00,0.00,0.3,1.8,350.1,0.5,2.3,351.5,414,995.99,995.32,995.72,1.5
HFAL,2018-07-29 19:00:00 EDT,25.8,24.3,25.0,53.7,42.7,48.7,0.00,0.00,0.5,1.9,18.0,0.6,2.3,21.4,227,995.90,995.66,995.77,0.8
HFAL,2018-07-29 20:00:00 EDT,24.5,20.7,22.7,74.5,55.9,66.6,0.00,0.00,0.6,1.4,115.3,0.7,1.6,111.5,61,996.19,995.89,996.04,0.2
HFAL,2018-07-29 21:00:00 EDT,20.4,19.7,20.1,77.5,73.5,75.2,0.00,0.00,0.7,1.6,152.0,0.8,1.8,153.5,4,996.56,996.14,996.33,0.0
HFAL,2018-07-29 22:00:00 EDT,20.5,19.5,19.8,76.4,69.6,73.9,0.00,0.00,0.7,1.6,191.8,0.8,2.0,191.6,0,996.93,996.62,996.83,0.0
HFAL,2018-07-29 23:00:00 EDT,20.1,18.9,19.4,77.2,70.6,74.7,0.00,0.00,0.7,1.7,207.3,0.9,2.2,208.9,0,997.40,996.92,997.16,0.0
HFAL,2018-07-30 00:00:00 EDT,19.1,17.7,18.6,78.2,73.0,75.1,0.00,0.00,0.7,2.3,206.9,0.9,2.8,209.2,0,997.46,997.34,997.41,0.0
HFAL,2018-07-30 01:00:00 EDT,17.4,16.4,17.0,85.0,79.9,82.1,0.00,0.00,0.5,1.7,220.0,0.6,2.1,222.9,0,997.92,997.36,997.72,0.0
HFAL,2018-07-30 02:00:00 EDT,17.0,16.2,16.5,86.0,82.6,84.2,0.00,0.00,0.6,2.0,205.1,0.8,2.6,206.4,0,998.04,997.86,997.93,0.0
HFAL,2018-07-30 03:00:00 EDT,16.4,15.7,16.1,89.2,85.1,87.1,0.00,0.00,1.0,3.9,208.7,1.1,4.4,211.1,0,998.54,998.04,998.20,0.0
HFAL,2018-07-30 04:00:00 EDT,16.8,16.1,16.5,87.0,80.8,83.5,0.00,0.00,1.6,5.2,201.9,1.8,5.5,203.1,0,998.44,998.19,998.31,0.0
HFAL,2018-07-30 05:00:00 EDT,16.4,15.2,15.6,89.5,81.5,87.4,0.00,0.00,0.7,2.5,216.9,0.9,2.8,221.3,0,998.55,998.40,998.48,0.0
HFAL,2018-07-30 06:00:00 EDT,15.1,14.3,14.7,93.2,89.1,91.6,0.00,0.00,0.4,1.9,203.3,0.6,2.0,202.0,1,998.94,998.51,998.74,0.0
HFAL,2018-07-30 07:00:00 EDT,16.1,14.8,15.5,92.2,85.0,88.7,0.00,0.00,0.5,1.8,200.4,0.7,2.1,199.3,26,998.92,998.70,998.81,0.1
HFAL,2018-07-30 08:00:00 EDT,17.4,15.1,16.1,90.4,78.6,86.9,0.00,0.00,0.1,0.8,347.5,0.2,1.3,359.0,153,999.02,998.85,998.94,0.5
HFAL,2018-07-30 09:00:00 EDT,19.7,17.4,18.3,78.9,74.3,77.0,0.00,0.00,0.4,1.5,335.2,0.6,1.7,345.7,362,998.92,998.83,998.89,1.3
HFAL,2018-07-30 10:00:00 EDT,21.2,19.8,20.7,75.5,70.6,72.3,0.00,0.00,0.6,2.0,358.7,0.8,2.6,355.2,524,998.82,998.70,998.76,1.9
HFAL,2018-07-30 11:00:00 EDT,23.5,21.8,22.7,73.4,61.5,67.4,0.00,0.00,0.8,2.6,54.0,1.0,3.3,53.1,514,998.81,998.65,998.73,1.8
HFAL,2018-07-30 12:00:00 EDT,24.1,23.5,23.8,65.3,60.0,62.3,0.00,0.00,0.8,3.0,130.4,1.1,4.1,127.9,562,998.70,998.20,998.56,2.0
HFAL,2018-07-30 13:00:00 EDT,24.9,23.9,24.5,64.6,57.8,61.8,0.00,0.00,0.7,2.2,39.2,1.0,3.0,40.1,595,998.34,997.94,998.15,2.1
HFAL,2018-07-30 14:00:00 EDT,25.5,24.9,25.1,58.9,53.6,55.1,0.00,0.00,1.1,4.1,172.7,1.4,4.3,171.7,587,997.99,997.93,997.95,2.1
HFAL,2018-07-30 15:00:00 EDT,25.7,24.8,25.2,56.6,51.6,54.4,0.00,0.00,1.4,3.5,191.7,1.7,4.5,193.2,666,998.03,997.79,997.91,2.4
HFAL,2018-07-30 16:00:00 EDT,26.1,24.6,25.4,62.4,54.1,57.5,0.00,0.00,1.5,3.8,193.3,1.8,4.2,192.5,556,997.85,997.37,997.55,2.0
HFAL,2018-07-30 17:00:00 EDT,24.6,24.1,24.4,65.0,62.0,63.3,0.00,0.00,1.3,3.4,182.4,1.6,4.0,182.9,247,997.52,997.42,997.47,0.9
HFAL,2018-07-30 18:00:00 EDT,24.0,23.3,23.7,73.8,65.2,69.4,0.00,0.00,1.0,2.2,176.1,1.2,2.8,177.4,171,997.72,997.44,997.63,0.6
HFAL,2018-07-30 19:00:00 EDT,23.3,22.5,22.9,79.5,70.7,74.5,0.00,0.00,0.6,2.3,162.2,0.8,2.5,163.2,108,998.10,997.64,997.82,0.4
HFAL,2018-07-30 20:00:00 EDT,23.2,21.5,22.4,77.4,71.6,75.7,0.00,0.00,0.9,2.8,157.6,1.1,3.4,158.0,60,998.15,997.54,997.88,0.2
HFAL,2018-07-30 21:00:00 EDT,21.4,19.6,20.3,88.6,77.8,84.0,0.00,0.00,1.1,2.3,152.9,1.3,3.0,152.5,2,997.46,996.31,996.84,0.0
HFAL,2018-07-30 22:00:00 EDT,20.6,19.1,19.8,88.4,81.3,85.6,0.00,0.00,1.1,2.5,167.2,1.3,3.2,167.3,0,997.39,996.29,996.83,0.0
HFAL,2018-07-30 23:00:00 EDT,19.6,18.3,19.0,89.5,86.3,88.1,0.00,0.00,0.8,1.6,160.0,0.9,1.9,164.6,0,997.69,996.97,997.37,0.0
HFAL,2018-07-31 00:00:00 EDT,18.7,18.1,18.5,92.3,90.1,91.3,0.00,0.00,0.7,1.5,174.6,0.9,1.6,177.2,0,997.24,996.95,997.08,0.0
HFAL,2018-07-31 01:00:00 EDT,18.4,18.0,18.2,93.7,91.1,92.6,0.00,0.00,0.7,1.6,201.9,0.8,1.8,202.6,0,997.29,997.12,997.22,0.0
HFAL,2018-07-31 02:00:00 EDT,18.0,17.0,17.4,96.1,92.0,94.2,0.00,0.00,0.4,1.1,145.3,0.5,1.3,150.1,0,997.15,996.79,996.98,0.0
HFAL,2018-07-31 03:00:00 EDT,17.4,16.8,17.2,97.0,96.3,96.7,0.00,0.00,0.4,1.4,200.5,0.5,1.7,202.4,0,997.66,996.84,997.28,0.0
HFAL,2018-07-31 04:00:00 EDT,17.9,17.2,17.6,97.2,95.0,96.6,0.00,0.00,0.4,1.4,199.5,0.6,1.7,201.2,0,997.97,997.64,997.81,0.0
HFAL,2018-07-31 05:00:00 EDT,18.0,17.5,17.7,95.1,92.7,93.8,0.00,0.00,0.5,1.7,209.7,0.7,2.0,211.9,0,997.73,997.55,997.65,0.0
HFAL,2018-07-31 06:00:00 EDT,17.9,16.0,16.8,96.6,93.4,95.1,0.00,0.00,0.2,1.3,103.0,0.3,1.6,69.2,1,997.84,997.55,997.71,0.0
HFAL,2018-07-31 07:00:00 EDT,17.5,16.0,16.6,97.7,96.7,97.4,0.00,0.00,0.1,0.7,139.8,0.3,1.0,138.9,31,997.93,997.69,997.83,0.1
HFAL,2018-07-31 08:00:00 EDT,18.0,17.6,17.8,97.6,92.3,94.6,0.00,0.00,0.2,1.3,327.9,0.4,1.8,333.5,102,997.99,997.80,997.89,0.4
HFAL,2018-07-31 09:00:00 EDT,20.0,17.6,19.0,93.4,82.7,87.4,0.00,0.00,0.4,1.9,273.8,0.6,2.2,279.9,341,998.19,997.98,998.09,1.2
HFAL,2018-07-31 10:00:00 EDT,22.3,20.0,21.2,83.9,76.0,80.7,0.00,0.00,0.7,1.8,343.5,0.9,2.3,346.3,515,998.06,997.82,997.94,1.9
HFAL,2018-07-31 11:00:00 EDT,23.8,22.4,23.0,76.8,72.9,75.1,0.00,0.00,0.6,1.9,343.3,0.8,2.6,344.3,519,997.92,997.82,997.87,1.9
HFAL,2018-07-31 12:00:00 EDT,25.3,23.9,24.5,73.7,65.0,68.6,0.00,0.00,1.0,3.0,65.2,1.4,3.6,68.5,726,997.82,997.49,997.65,2.6
HFAL,2018-07-31 13:00:00 EDT,25.6,24.4,25.0,68.2,58.3,62.5,0.00,0.00,0.9,3.5,191.1,1.2,4.0,190.9,719,997.66,997.38,997.52,2.6
HFAL,2018-07-31 14:00:00 EDT,25.7,24.7,25.2,63.9,61.2,62.6,0.00,0.00,1.4,4.6,182.9,1.7,5.0,180.1,692,997.37,997.20,997.30,2.5
HFAL,2018-07-31 15:00:00 EDT,26.1,25.5,25.8,61.1,57.0,59.3,0.00,0.00,1.6,4.6,196.7,1.9,5.6,197.0,710,997.20,997.05,997.13,2.6
HFAL,2018-07-31 16:00:00 EDT,26.2,25.7,25.9,58.7,54.7,56.9,0.00,0.00,1.6,4.3,187.0,1.9,4.9,187.5,519,997.15,996.81,996.99,1.9
HFAL,2018-07-31 17:00:00 EDT,25.8,25.0,25.3,66.1,58.1,62.8,0.00,0.00,1.0,3.0,190.7,1.2,3.9,192.7,257,996.79,996.64,996.72,0.9
HFAL,2018-07-31 18:00:00 EDT,25.3,24.5,25.0,77.0,65.5,68.7,0.00,0.00,0.3,1.3,349.3,0.4,1.5,357.8,178,996.70,996.55,996.63,0.6
HFAL,2018-07-31 19:00:00 EDT,24.5,23.6,24.2,80.2,71.3,75.4,0.00,0.00,0.5,1.7,151.6,0.7,2.2,149.7,101,996.60,996.48,996.52,0.4
HFAL,2018-07-31 20:00:00 EDT,23.4,21.7,22.6,84.7,80.0,81.9,0.00,0.00,0.6,1.6,158.1,0.8,1.8,158.8,28,996.62,996.39,996.47,0.1
HFAL,2018-07-31 21:00:00 EDT,23.2,21.7,22.4,83.8,75.5,80.7,0.00,0.00,0.8,3.6,161.0,1.0,5.0,160.1,1,996.66,996.51,996.61,0.0
HFAL,2018-07-31 22:00:00 EDT,23.1,22.3,22.8,76.2,75.1,75.7,0.00,0.00,2.6,7.8,173.5,3.1,8.6,174.2,0,996.69,996.34,996.52,0.0
HFAL,2018-07-31 23:00:00 EDT,22.4,21.8,22.2,75.5,71.8,73.4,0.00,0.00,3.9,7.9,172.3,4.6,10.2,174.0,0,996.41,996.28,996.35,0.0
HFAL,2018-08-01 00:00:00 EDT,21.7,19.9,21.0,81.4,74.0,76.6,0.00,0.00,1.3,6.3,184.8,1.7,8.1,186.2,0,996.79,996.24,996.51,0.0
