"","Year","water_year","IceInDayofYear","IceOutDayofYear","LengthOfIceCover_days","IceInDayofYear_fed","cumMeanDailyT_Jan","cumMeanDailyT_Feb","cumMeanDailyT_Mar","cumMeanDailyT_Apr","cumMeanDailyT_Sep","cumMeanDailyT_Oct","cumMeanDailyT_Nov","cumMeanDailyT_Dec","cumSnow_Jan","cumSnow_Feb","cumSnow_Mar","cumSnow_Apr","cumSnow_Sep","cumSnow_Oct","cumSnow_Nov","cumSnow_Dec","cumRain_Jan","cumRain_Feb","cumRain_Mar","cumRain_Apr","cumRain_Sep","cumRain_Nov","cumRain_Dec","percPrecipRain_Jan","percPrecipRain_Feb","percPrecipRain_Mar","percPrecipRain_Apr","percPrecipRain_Sep","percPrecipRain_Oct","percPrecipRain_Nov","percPrecipRain_Dec","nDaysMeanBelowZero_Jan","nDaysMeanBelowZero_Feb","nDaysMeanBelowZero_Mar","nDaysMeanBelowZero_Apr","nDaysMeanBelowZero_Sep","nDaysMeanBelowZero_Oct","nDaysMeanBelowZero_Nov","nDaysMeanBelowZero_Dec","nDaysMinBelowZero_Feb","nDaysMinBelowZero_Mar","nDaysMinBelowZero_Apr","nDaysMinBelowZero_Sep","nDaysMinBelowZero_Oct","nDaysMinBelowZero_Nov","nDaysMinBelowZero_Dec","cumMeanDailyT_SepOct","cumMeanDailyT_OctNov","cumMeanDailyT_OctNovDec","cumRain_SepOct","cumRain_OctNov","nDaysMinBelowZero_OctNovDec","cumMeanDailyT_FebMar","cumSnow_FebMar","nDaysMeanAboveZero_Mar","nDaysMeanAboveZero_FebMar","nDaysMinAboveZero_Mar","maxSnowDepth_mm","maxSnowDepthDOY_fed"
"1",1930,1929,NA,NA,NA,NA,-99.4444444444444,-38.3333333333333,54.1666666666667,213.611111111111,NA,NA,NA,NA,228.6,254,0,0,NA,NA,NA,NA,30.988,29.21,42.418,24.638,NA,NA,NA,11.9373776908023,10.3139013452915,100,100,NA,NA,NA,NA,21,19,8,1,NA,NA,NA,NA,22,25,11,NA,NA,NA,NA,NA,NA,NA,NA,NA,NA,15.8333333333333,254,23,32,6,NA,NA
"2",1931,1930,NA,NA,NA,NA,-67.2222222222222,-76.9444444444444,49.1666666666667,263.333333333333,561.666666666667,321.388888888889,145,-53.3333333333333,584.2,711.2,0,0,0,0,0,431.8,36.322,39.116,15.24,117.348,88.138,114.554,46.736,5.85345886205485,5.21327014218009,100,100,100,100,100,9.76645435244161,23,22,10,0,0,0,6,21,27,21,3,0,2,10,27,883.055555555556,466.388888888889,413.055555555556,115.57,141.986,39,-27.7777777777778,711.2,21,27,10,NA,NA
"3",1932,1931,NA,97,NA,NA,66.3888888888889,-36.1111111111111,-31.9444444444444,200.555555555556,541.944444444444,332.222222222222,202.777777777778,50,190.5,406.4,546.1,0,0,0,50.8,50.8,113.03,55.372,89.916,27.94,61.214,35.56,54.864,37.2384937238494,11.991199119912,14.1373801916933,100,100,100,41.1764705882353,51.9230769230769,9,16,14,0,0,0,4,9,27,28,12,0,0,7,21,874.166666666667,535,585,118.618,92.964,28,-68.0555555555556,952.5,17,29,3,NA,NA
"4",1933,1932,365,98,99,91,28.8888888888889,-55.8333333333333,-21.1111111111111,226.111111111111,494.722222222222,345.555555555556,65.2777777777778,-20,25.4,482.6,228.6,203.2,0,0,0,114.3,56.642,94.996,141.732,188.214,20.32,226.314,21.59,69.0402476780186,16.4467897977133,38.2716049382716,48.0856586632057,100,100,100,15.8878504672897,11,16,18,0,0,0,5,12,24,30,6,0,1,16,21,840.277777777778,410.833333333333,390.833333333333,157.48,363.474,38,-76.9444444444444,711.2,13,25,1,NA,NA
"5",1934,1933,NA,101,NA,NA,-107.222222222222,-298.611111111111,-13.6111111111111,217.222222222222,507.222222222222,263.611111111111,28.8888888888889,-93.3333333333333,88.9,685.8,254,0,0,0,228.6,355.6,61.214,83.82,91.694,142.24,219.202,28.956,92.456,40.7783417935702,10.8910891089109,26.5246142542248,100,100,100,11.2426035502959,20.6349206349206,23,28,16,0,0,1,15,14,28,26,5,0,4,20,22,770.833333333333,292.5,199.166666666667,307.086,116.84,46,-312.222222222222,939.8,15,15,5,NA,NA
"6",1935,1934,NA,91,NA,NA,-168.333333333333,-107.5,91.3888888888889,209.166666666667,515.833333333333,276.666666666667,183.611111111111,-80,622.3,297.18,101.6,0,0,0,55.88,43.18,98.552,70.866,54.102,80.518,254.254,140.208,112.014,13.6715997181113,19.2546583850932,34.747145187602,100,100,100,71.5025906735751,72.176759410802,24,21,8,0,0,0,4,21,27,16,9,0,3,8,27,792.5,460.277777777778,380.277777777778,312.42,198.374,38,-16.1111111111111,398.78,23,30,15,NA,NA
"7",1936,1935,356,89,98,83,-166.666666666667,-204.722222222222,163.611111111111,185.277777777778,438.055555555556,345.833333333333,166.666666666667,-151.944444444444,566.42,584.2,93.98,0,0,0,76.2,55.88,123.952,77.47,211.836,117.094,84.836,142.494,26.924,17.9543782192789,11.7082533589251,69.2691029900332,100,100,100,65.1567944250871,32.5153374233129,24,24,7,0,0,0,4,26,27,11,9,0,2,9,28,783.888888888889,512.5,360.555555555556,166.624,224.282,39,-41.1111111111111,678.18,24,28,20,NA,NA
"8",1937,1936,342,99,123,68,19.7222222222222,-53.8888888888889,-27.2222222222222,203.888888888889,491.944444444444,324.166666666667,48.8888888888889,-12.7777777777778,292.1,71.12,393.7,0,0,0,101.6,139.7,151.892,64.262,61.976,105.41,24.638,58.674,150.622,34.2105263157895,47.4671669793621,13.6008918617614,100,100,100,36.608557844691,51.8810148731408,15,20,19,0,0,1,13,16,24,30,5,0,3,17,22,816.111111111111,373.055555555556,360.277777777778,134.874,168.91,42,-81.1111111111111,464.82,12,20,1,NA,NA
"9",1938,1937,346,84,103,73,-146.111111111111,-35.8333333333333,129.166666666667,298.611111111111,458.055555555556,281.944444444444,131.666666666667,-81.1111111111111,472.44,127,0,76.2,0,0,0,111.76,115.316,40.64,45.212,69.85,131.572,107.696,68.326,19.6197061365601,24.2424242424242,100,47.8260869565217,100,100,100,37.9407616361072,25,17,9,3,0,0,5,23,24,18,10,0,3,11,30,740,413.611111111111,332.5,254.254,230.378,44,93.3333333333333,127,22,33,13,NA,NA
"10",1939,1938,354,108,119,81,-106.111111111111,-34.4444444444444,15,185.555555555556,442.777777777778,371.666666666667,183.055555555556,-27.7777777777778,299.72,238.76,294.64,63.5,0,0,330.2,116.84,95.504,113.792,89.408,143.256,294.386,68.834,119.38,24.1645244215938,32.2766570605187,23.2804232804233,69.2874692874693,100,100,17.2501591343094,50.5376344086022,23,16,18,1,0,0,6,17,24,23,13,0,0,12,23,814.444444444444,554.722222222222,526.944444444444,367.538,141.986,35,-19.4444444444444,533.4,13,25,8,NA,NA
"11",1940,1939,349,120,136,76,-226.666666666667,-71.6666666666667,-50.2777777777778,164.444444444444,502.5,331.388888888889,102.5,-10.8333333333333,165.1,693.42,175.26,254,0,0,27.94,88.9,56.896,77.724,164.338,163.83,61.976,33.528,46.482,25.629290617849,10.0790513833992,48.3919222139117,39.209726443769,100,100,54.5454545454545,34.3339587242026,28,19,23,2,0,0,5,15,29,29,8,0,4,19,24,833.888888888889,433.888888888889,423.055555555556,181.102,152.654,47,-121.944444444444,868.68,8,17,2,NA,NA
"12",1941,1940,339,103,130,65,-131.388888888889,-68.3333333333333,-8.05555555555556,352.777777777778,466.111111111111,259.166666666667,137.777777777778,21.1111111111111,487.68,38.1,525.78,0,0,0,177.8,114.3,66.294,59.944,54.356,38.608,71.12,144.526,93.98,11.9669876203576,61.139896373057,9.36952714535902,100,100,100,44.8384554767533,45.1219512195122,27,22,15,0,0,1,5,12,28,29,4,0,9,12,21,725.277777777778,396.944444444444,418.055555555556,131.572,204.978,42,-76.3888888888889,563.88,16,22,2,NA,NA
"13",1942,1941,NA,97,NA,NA,-61.1111111111111,-91.3888888888889,111.111111111111,318.888888888889,542.222222222222,365.277777777778,208.055555555556,1.11111111111111,256.54,142.24,284.48,157.48,0,0,0,139.7,78.74,70.612,157.48,21.59,18.542,83.566,68.834,23.4848484848485,33.1742243436754,35.632183908046,12.0567375886525,100,100,100,33.0085261875761,17,22,0,1,0,0,0,14,27,25,6,0,3,5,24,907.5,573.333333333333,574.444444444444,67.818,132.842,32,19.7222222222222,426.72,31,37,6,NA,NA
"14",1943,1942,351,100,114,78,-172.5,-74.4444444444444,27.5,141.666666666667,497.222222222222,330.555555555556,140.277777777778,-134.166666666667,675.64,299.72,208.28,88.9,0,0,0,322.58,83.312,45.212,83.566,91.44,153.67,139.954,154.686,10.9772423025435,13.1075110456554,28.6335944299391,50.7042253521127,100,100,100,32.410856838744,27,18,13,4,0,0,6,25,23,20,16,0,1,14,31,827.777777777778,470.833333333333,336.666666666667,282.956,269.24,46,-46.9444444444444,508,18,28,11,NA,NA
"15",1944,1943,348,106,123,75,-73.6111111111111,-96.3888888888889,-17.5,178.888888888889,484.722222222222,322.777777777778,103.888888888889,-101.666666666667,233.68,347.98,274.32,25.4,0,0,66.04,0,37.084,68.834,118.11,109.982,33.274,132.08,17.272,13.6960600375235,16.5143205362584,30.0970873786408,81.2382739212007,100,100,66.6666666666667,100,24,21,14,3,0,0,7,23,29,23,9,0,0,15,27,807.5,426.666666666667,325,216.916,315.722,42,-113.888888888889,622.3,17,24,8,NA,NA
"16",1945,1944,340,85,111,66,-253.611111111111,-88.0555555555556,234.722222222222,327.777777777778,527.222222222222,323.888888888889,117.222222222222,-126.111111111111,784.86,574.04,124.46,0,0,0,358.14,439.42,115.824,83.058,50.038,117.602,114.3,118.11,93.726,12.8595600676819,12.6401236954001,28.6754002911208,100,100,100,24.8,17.5797999047165,30,21,6,0,0,0,6,26,28,15,2,0,2,18,30,851.111111111111,441.111111111111,315,163.322,167.132,50,146.666666666667,698.5,25,32,16,NA,NA
"17",1946,1945,NA,83,NA,NA,-94.4444444444444,-120.555555555556,231.944444444444,220.555555555556,530.833333333333,317.5,148.611111111111,-145.277777777778,165.1,365.76,0,152.4,0,0,355.6,655.32,45.974,76.962,36.322,48.006,129.032,170.434,106.934,21.7809867629362,17.3838209982788,100,23.9543726235741,100,100,32.399806856591,14.0286571142952,22,24,5,0,0,0,5,25,28,10,8,0,1,13,28,848.333333333333,466.111111111111,320.833333333333,203.2,244.602,42,111.388888888889,365.76,26,30,21,NA,NA
"18",1947,1946,361,99,103,88,-41.6666666666667,-132.222222222222,-1.38888888888889,221.944444444444,537.777777777778,407.777777777778,215.277777777778,-15.8333333333333,129.54,459.74,304.8,76.2,0,0,0,88.9,78.486,41.402,94.742,107.442,92.71,13.208,67.818,37.7289377289377,8.26153066396351,23.7126509853783,58.50622406639,100,100,100,43.2739059967585,17,23,17,1,0,0,1,19,27,28,8,0,0,8,25,945.555555555556,623.055555555556,607.222222222222,137.414,57.912,33,-133.611111111111,764.54,14,19,3,NA,NA
"19",1948,1947,353,91,103,80,-230.833333333333,-144.444444444444,57.2222222222222,257.777777777778,508.055555555556,474.166666666667,87.7777777777778,-91.3888888888889,683.26,279.4,304.8,0,0,0,43.18,515.62,79.248,55.118,93.726,134.366,59.944,148.082,73.66,10.3930712858095,16.4768413059985,23.5181644359465,100,100,100,77.4236387782205,12.5,31,21,11,0,0,0,6,25,27,21,6,0,0,19,30,982.222222222222,561.944444444444,470.555555555556,117.094,205.232,49,-87.2222222222222,584.2,20,27,10,NA,NA
"20",1949,1948,361,84,89,87,-15.8333333333333,3.88888888888889,90.8333333333333,286.666666666667,553.055555555556,316.944444444444,238.611111111111,-16.1111111111111,492.76,233.68,228.6,0,0,0,63.5,309.88,136.144,61.214,31.242,95.25,4.064,138.684,234.442,21.6478190630048,20.7579672695952,12.0234604105572,100,100,100,68.5929648241206,43.0704619692021,16,15,13,0,0,0,1,16,21,20,4,0,3,2,22,870,555.555555555556,539.444444444444,69.85,204.47,27,94.7222222222222,462.28,18,31,11,NA,NA
"21",1950,1949,33,105,72,125,18.8888888888889,-119.444444444444,-43.6111111111111,196.388888888889,473.611111111111,435.833333333333,131.666666666667,-7.22222222222222,124.46,584.2,345.44,152.4,0,0,104.14,307.34,113.284,118.364,104.648,75.946,88.646,50.038,100.838,47.6495726495727,16.8474331164136,23.2505643340858,33.2591768631813,100,100,32.4546952224053,24.704418170504,11,24,19,1,0,0,4,19,28,27,11,0,0,10,23,909.444444444444,567.5,560.277777777778,161.29,122.682,33,-163.055555555556,929.64,12,16,4,NA,NA
"22",1951,1950,NA,89,NA,NA,-58.6111111111111,-45,60,263.055555555556,447.777777777778,386.388888888889,185.833333333333,-75.5555555555556,368.3,228.6,287.02,50.8,0,0,55.88,599.44,94.488,113.538,200.66,87.122,98.044,107.442,140.716,20.417124039517,33.184855233853,41.1458333333333,63.1675874769797,100,100,65.7853810264386,19.0116678105697,20,14,6,0,0,0,6,25,24,24,1,0,1,12,29,834.166666666667,572.222222222222,496.666666666667,160.782,170.18,42,15,515.62,25,39,7,NA,NA
"23",1952,1951,350,97,112,77,-69.4444444444444,-47.7777777777778,29.7222222222222,288.055555555556,485,363.611111111111,65.2777777777778,-31.3888888888889,215.9,408.94,375.92,0,0,0,190.5,411.48,125.222,81.534,114.3,238.506,104.648,140.716,134.62,36.7088607594937,16.6235111341274,23.3160621761658,100,100,100,42.4846625766871,24.6511627906977,20,21,14,0,0,0,12,17,26,25,2,0,0,20,22,848.611111111111,428.888888888889,397.5,247.142,283.21,42,-18.0555555555556,784.86,17,24,6,NA,NA
"24",1953,1952,364,81,83,90,-34.1666666666667,-10.5555555555556,78.3333333333333,234.722222222222,522.222222222222,290.833333333333,171.666666666667,-13.6111111111111,393.7,205.74,0,0,0,63.5,5.08,111.76,168.656,99.06,194.818,173.99,170.688,113.792,109.474,29.9909665763324,32.5,100,100,100,22.360248447205,95.7264957264957,49.4833524684271,18,15,9,0,0,1,2,17,23,15,4,0,5,9,25,813.055555555555,462.5,448.888888888889,188.976,132.08,39,67.7777777777778,205.74,22,35,16,NA,NA
"25",1954,1953,NA,80,NA,NA,-172.222222222222,19.7222222222222,68.6111111111111,282.5,526.388888888889,383.333333333333,174.722222222222,55.8333333333333,647.7,185.42,0,0,0,0,177.8,55.88,54.356,78.232,78.994,94.234,87.376,65.786,123.952,7.7424023154848,29.6724470134875,100,100,100,100,27.007299270073,68.9265536723164,26,11,6,3,0,0,4,10,23,24,6,0,0,15,19,909.722222222222,558.055555555556,613.888888888889,202.438,180.848,34,88.3333333333333,185.42,25,42,7,NA,NA
"26",1955,1954,9,94,85,101,-148.888888888889,-73.6111111111111,49.1666666666667,313.888888888889,477.222222222222,415.555555555556,131.944444444444,-51.9444444444444,35.56,317.5,294.64,76.2,0,0,88.9,0,19.812,94.234,141.986,96.266,127.508,163.576,113.538,35.7798165137615,22.8871067242443,32.5189063408959,55.8173784977909,100,100,64.7887323943662,100,28,19,13,0,0,0,0,20,23,24,3,0,1,12,29,892.777777777778,547.5,495.555555555556,173.736,209.804,42,-24.4444444444444,612.14,18,27,7,177.8,140
"27",1955,1954,9,94,85,101,-148.888888888889,-73.6111111111111,49.1666666666667,313.888888888889,477.222222222222,415.555555555556,131.944444444444,-51.9444444444444,35.56,317.5,294.64,76.2,0,0,88.9,0,19.812,94.234,141.986,96.266,127.508,163.576,113.538,35.7798165137615,22.8871067242443,32.5189063408959,55.8173784977909,100,100,64.7887323943662,100,28,19,13,0,0,0,0,20,23,24,3,0,1,12,29,892.777777777778,547.5,495.555555555556,173.736,209.804,42,-24.4444444444444,612.14,18,27,7,177.8,141
"28",1956,1955,347,118,136,74,-109.166666666667,-43.6111111111111,-37.5,168.888888888889,477.777777777778,377.5,107.777777777778,-160.555555555556,220.98,403.86,764.54,678.18,0,0,190.5,144.78,58.42,96.266,107.442,179.07,71.882,85.598,22.86,20.9090909090909,19.2483494159472,12.321584619866,20.8888888888889,100,100,31.0027598896044,13.6363636363636,25,18,17,1,0,0,7,27,27,31,16,0,0,15,28,855.277777777778,485.277777777778,324.722222222222,429.768,443.484,43,-81.1111111111111,1168.4,14,24,0,NA,NA
"29",1957,1956,366,89,89,92,-196.666666666667,-26.6666666666667,68.3333333333333,284.444444444444,436.111111111111,360.833333333333,161.666666666667,21.1111111111111,510.54,129.54,154.94,266.7,0,0,177.8,271.78,48.26,42.672,41.656,123.444,129.794,85.598,122.936,8.63636363636364,24.7787610619469,21.1886304909561,31.640625,100,100,32.4975891996143,31.1454311454311,28,17,9,0,0,0,8,15,27,22,11,0,0,13,23,796.944444444444,522.5,543.611111111111,185.42,141.224,36,41.6666666666667,284.48,22,33,9,279.4,108
"30",1957,1956,366,89,89,92,-196.666666666667,-26.6666666666667,68.3333333333333,284.444444444444,436.111111111111,360.833333333333,161.666666666667,21.1111111111111,510.54,129.54,154.94,266.7,0,0,177.8,271.78,48.26,42.672,41.656,123.444,129.794,85.598,122.936,8.63636363636364,24.7787610619469,21.1886304909561,31.640625,100,100,32.4975891996143,31.1454311454311,28,17,9,0,0,0,8,15,27,22,11,0,0,13,23,796.944444444444,522.5,543.611111111111,185.42,141.224,36,41.6666666666667,284.48,22,33,9,279.4,109
"31",1958,1957,365,108,108,92,-125.555555555556,-160.833333333333,38.6111111111111,268.888888888889,531.388888888889,328.888888888889,186.111111111111,22.5,632.46,642.62,734.06,238.76,0,0,0,241.3,159.258,103.378,95.25,155.956,34.544,114.3,200.152,20.1154956689124,13.8576779026217,11.4854517611026,39.5109395109395,100,100,100,45.3394706559263,24,22,5,0,0,1,4,15,27,26,6,0,3,8,23,860.277777777778,515,537.5,112.268,192.024,34,-122.222222222222,1376.68,26,32,5,NA,NA
"32",1959,1958,343,96,118,70,-144.722222222222,-118.333333333333,26.9444444444444,282.222222222222,500.277777777778,289.444444444444,172.5,-185,193.04,76.2,734.06,0,0,101.6,93.98,154.94,91.186,73.406,91.44,90.424,121.92,90.17,29.972,32.0822162645219,49.0662139219015,11.0769230769231,100,100,63.996399639964,48.9655172413793,16.2087912087912,24,19,13,0,0,0,3,29,28,25,4,0,3,9,31,789.722222222222,461.944444444444,276.944444444444,302.514,270.764,43,-91.3888888888889,810.26,18,27,6,355.6,163
"33",1960,1959,356,107,116,83,-114.166666666667,-45.8333333333333,-87.5,301.666666666667,554.722222222222,347.777777777778,115.277777777778,-22.7777777777778,271.78,439.42,408.94,15.24,0,0,15.24,302.26,84.582,115.062,55.372,92.964,68.072,96.52,122.682,23.7348538845331,20.7512597343106,11.925601750547,85.9154929577465,100,100,86.3636363636364,28.8702928870293,29,19,24,0,0,0,5,16,27,27,6,0,4,15,26,902.5,463.055555555556,440.277777777778,307.594,336.042,45,-133.333333333333,848.36,7,16,4,431.8,169
"34",1960,1959,356,107,116,83,-114.166666666667,-45.8333333333333,-87.5,301.666666666667,554.722222222222,347.777777777778,115.277777777778,-22.7777777777778,271.78,439.42,408.94,15.24,0,0,15.24,302.26,84.582,115.062,55.372,92.964,68.072,96.52,122.682,23.7348538845331,20.7512597343106,11.925601750547,85.9154929577465,100,100,86.3636363636364,28.8702928870293,29,19,24,0,0,0,5,16,27,27,6,0,4,15,26,902.5,463.055555555556,440.277777777778,307.594,336.042,45,-133.333333333333,848.36,7,16,4,431.8,174
"35",1961,1960,349,112,129,75,-210.833333333333,-58.3333333333333,45.8333333333333,171.388888888889,490.555555555556,339.444444444444,189.722222222222,-137.777777777778,662.94,515.62,429.26,480.06,0,0,0,459.74,48.514,87.63,101.346,150.622,217.932,47.244,42.672,6.81899321670832,14.5263157894737,19.1000478697942,23.8824003221909,100,100,100,8.49342770475227,26,15,11,2,0,0,1,25,24,23,16,0,1,8,29,830,529.166666666667,391.388888888889,259.842,89.154,38,-12.5,944.88,20,33,8,889,127
"36",1962,1961,350,99,114,77,-140.555555555556,-140.277777777778,43.8888888888889,260.277777777778,591.666666666667,394.166666666667,138.333333333333,-74.7222222222222,149.86,749.3,96.52,45.72,0,0,187.96,502.92,99.06,128.27,61.722,116.332,56.134,121.666,93.472,39.7959183673469,14.616497829233,39.0048154093098,71.7868338557994,100,100,39.2945036915505,15.6729131175468,24,23,10,0,0,0,6,19,27,24,8,0,0,14,28,985.833333333333,532.5,457.777777777778,89.662,155.194,42,-96.3888888888889,845.82,21,26,7,482.6,139
"37",1962,1961,350,99,114,77,-140.555555555556,-140.277777777778,43.8888888888889,260.277777777778,591.666666666667,394.166666666667,138.333333333333,-74.7222222222222,149.86,749.3,96.52,45.72,0,0,187.96,502.92,99.06,128.27,61.722,116.332,56.134,121.666,93.472,39.7959183673469,14.616497829233,39.0048154093098,71.7868338557994,100,100,39.2945036915505,15.6729131175468,24,23,10,0,0,0,6,19,27,24,8,0,0,14,28,985.833333333333,532.5,457.777777777778,89.662,155.194,42,-96.3888888888889,845.82,21,26,7,482.6,147
"38",1962,1961,350,99,114,77,-140.555555555556,-140.277777777778,43.8888888888889,260.277777777778,591.666666666667,394.166666666667,138.333333333333,-74.7222222222222,149.86,749.3,96.52,45.72,0,0,187.96,502.92,99.06,128.27,61.722,116.332,56.134,121.666,93.472,39.7959183673469,14.616497829233,39.0048154093098,71.7868338557994,100,100,39.2945036915505,15.6729131175468,24,23,10,0,0,0,6,19,27,24,8,0,0,14,28,985.833333333333,532.5,457.777777777778,89.662,155.194,42,-96.3888888888889,845.82,21,26,7,482.6,148
"39",1962,1961,350,99,114,77,-140.555555555556,-140.277777777778,43.8888888888889,260.277777777778,591.666666666667,394.166666666667,138.333333333333,-74.7222222222222,149.86,749.3,96.52,45.72,0,0,187.96,502.92,99.06,128.27,61.722,116.332,56.134,121.666,93.472,39.7959183673469,14.616497829233,39.0048154093098,71.7868338557994,100,100,39.2945036915505,15.6729131175468,24,23,10,0,0,0,6,19,27,24,8,0,0,14,28,985.833333333333,532.5,457.777777777778,89.662,155.194,42,-96.3888888888889,845.82,21,26,7,482.6,149
"40",1963,1962,345,99,119,72,-166.666666666667,-183.055555555556,58.3333333333333,261.111111111111,457.5,343.888888888889,72.7777777777778,-127.5,431.8,637.54,345.44,0,0,22.86,142.24,502.92,82.296,66.802,87.122,41.656,66.04,85.344,101.854,16.0079051383399,9.48431301839163,20.1409277745156,100,100,85.7369255150555,37.5,16.8416631667367,27,23,11,0,0,0,6,24,28,25,5,0,4,21,25,801.388888888889,416.666666666667,289.166666666667,203.454,222.758,50,-124.722222222222,982.98,20,25,6,787.4,153
"41",1964,1963,351,100,114,78,-77.7777777777778,-110.277777777778,78.3333333333333,213.333333333333,433.888888888889,468.888888888889,210.833333333333,-169.722222222222,675.64,685.8,50.8,0,0,0,7.62,421.64,125.984,74.93,83.058,104.14,89.916,169.672,57.658,15.7160963244613,9.84974958263773,62.0493358633776,100,100,100,95.702005730659,12.0296767355591,21,25,6,2,0,0,0,28,29,24,9,0,1,6,30,902.777777777778,679.722222222222,510,97.536,177.292,37,-31.9444444444444,736.6,25,28,7,635,142
"42",1965,1964,11,NA,NA,103,-184.166666666667,-90.5555555555556,1.88737914186277e-15,-90.5555555555556,524.444444444444,342.5,202.5,-62.5,635,172.72,370.84,172.72,0,0,0,254,76.454,98.044,49.53,98.044,17.526,50.546,103.378,10.7461620849697,36.2101313320826,11.7824773413897,36.2101313320826,100,100,100,28.9267945984364,26,18,13,18,0,0,2,23,26,27,26,0,3,6,27,866.944444444444,545,482.5,40.386,73.406,36,-90.5555555555556,543.56,18,28,4,431.8,125
"43",1965,1964,11,NA,NA,103,-184.166666666667,-90.5555555555556,1.88737914186277e-15,-90.5555555555556,524.444444444444,342.5,202.5,-62.5,635,172.72,370.84,172.72,0,0,0,254,76.454,98.044,49.53,98.044,17.526,50.546,103.378,10.7461620849697,36.2101313320826,11.7824773413897,36.2101313320826,100,100,100,28.9267945984364,26,18,13,18,0,0,2,23,26,27,26,0,3,6,27,866.944444444444,545,482.5,40.386,73.406,36,-90.5555555555556,543.56,18,28,4,431.8,126
"44",1965,1964,11,NA,NA,103,-184.166666666667,-90.5555555555556,1.88737914186277e-15,-90.5555555555556,524.444444444444,342.5,202.5,-62.5,635,172.72,370.84,172.72,0,0,0,254,76.454,98.044,49.53,98.044,17.526,50.546,103.378,10.7461620849697,36.2101313320826,11.7824773413897,36.2101313320826,100,100,100,28.9267945984364,26,18,13,18,0,0,2,23,26,27,26,0,3,6,27,866.944444444444,545,482.5,40.386,73.406,36,-90.5555555555556,543.56,18,28,4,431.8,127
"45",1965,1964,11,NA,NA,103,-184.166666666667,-90.5555555555556,1.88737914186277e-15,-90.5555555555556,524.444444444444,342.5,202.5,-62.5,635,172.72,370.84,172.72,0,0,0,254,76.454,98.044,49.53,98.044,17.526,50.546,103.378,10.7461620849697,36.2101313320826,11.7824773413897,36.2101313320826,100,100,100,28.9267945984364,26,18,13,18,0,0,2,23,26,27,26,0,3,6,27,866.944444444444,545,482.5,40.386,73.406,36,-90.5555555555556,543.56,18,28,4,431.8,128
"46",1965,1964,11,NA,NA,103,-184.166666666667,-90.5555555555556,1.88737914186277e-15,-90.5555555555556,524.444444444444,342.5,202.5,-62.5,635,172.72,370.84,172.72,0,0,0,254,76.454,98.044,49.53,98.044,17.526,50.546,103.378,10.7461620849697,36.2101313320826,11.7824773413897,36.2101313320826,100,100,100,28.9267945984364,26,18,13,18,0,0,2,23,26,27,26,0,3,6,27,866.944444444444,545,482.5,40.386,73.406,36,-90.5555555555556,543.56,18,28,4,431.8,184
"47",1965,1964,11,NA,NA,103,-184.166666666667,-90.5555555555556,1.88737914186277e-15,-90.5555555555556,524.444444444444,342.5,202.5,-62.5,635,172.72,370.84,172.72,0,0,0,254,76.454,98.044,49.53,98.044,17.526,50.546,103.378,10.7461620849697,36.2101313320826,11.7824773413897,36.2101313320826,100,100,100,28.9267945984364,26,18,13,18,0,0,2,23,26,27,26,0,3,6,27,866.944444444444,545,482.5,40.386,73.406,36,-90.5555555555556,543.56,18,28,4,431.8,185
"48",1965,1964,11,NA,NA,103,-184.166666666667,-90.5555555555556,1.88737914186277e-15,-90.5555555555556,524.444444444444,342.5,202.5,-62.5,635,172.72,370.84,172.72,0,0,0,254,76.454,98.044,49.53,98.044,17.526,50.546,103.378,10.7461620849697,36.2101313320826,11.7824773413897,36.2101313320826,100,100,100,28.9267945984364,26,18,13,18,0,0,2,23,26,27,26,0,3,6,27,866.944444444444,545,482.5,40.386,73.406,36,-90.5555555555556,543.56,18,28,4,431.8,186
"49",1965,1964,11,NA,NA,103,-184.166666666667,-90.5555555555556,1.88737914186277e-15,-90.5555555555556,524.444444444444,342.5,202.5,-62.5,635,172.72,370.84,172.72,0,0,0,254,76.454,98.044,49.53,98.044,17.526,50.546,103.378,10.7461620849697,36.2101313320826,11.7824773413897,36.2101313320826,100,100,100,28.9267945984364,26,18,13,18,0,0,2,23,26,27,26,0,3,6,27,866.944444444444,545,482.5,40.386,73.406,36,-90.5555555555556,543.56,18,28,4,431.8,187
"50",1966,1965,354,98,109,81,-148.888888888889,-82.7777777777778,59.1666666666667,196.111111111111,506.388888888889,314.166666666667,107.777777777778,6.38888888888889,589.28,637.54,218.44,25.4,0,0,7.62,83.82,64.516,93.726,92.71,38.862,101.092,54.102,60.96,9.86790986790987,12.8169503299757,29.7959183673469,60.4743083003953,100,100,87.6543209876543,42.1052631578947,26,21,11,0,0,0,5,15,26,20,10,0,3,14,23,820.555555555556,421.944444444444,428.333333333333,197.866,150.876,40,-23.6111111111111,855.98,20,27,11,609.6,148
"51",1967,1966,357,100,108,84,-25.2777777777778,-158.611111111111,-11.6666666666667,230.277777777778,464.444444444444,335,182.222222222222,-56.9444444444444,76.2,678.18,1305.56,129.54,0,0,5.08,713.74,35.56,50.8,125.73,90.932,186.69,86.868,74.676,31.8181818181818,6.96864111498258,8.78438331854481,41.2442396313364,100,100,94.475138121547,9.47164948453608,19,23,16,0,0,0,2,23,27,24,8,0,2,10,26,799.444444444444,517.222222222222,460.277777777778,287.274,187.452,38,-170.277777777778,1983.74,15,20,7,685.8,173
"52",1968,1967,360,95,100,87,-233.333333333333,-171.388888888889,96.9444444444444,332.222222222222,492.222222222222,322.5,55,-17.7777777777778,165.1,20.32,175.26,0,0,0,182.88,490.22,56.388,12.954,58.674,102.108,30.988,84.074,136.906,25.4587155963303,38.9312977099237,25.0814332247557,100,100,100,31.4938154138915,21.8307006885379,26,26,10,0,0,0,11,17,29,15,2,0,2,18,24,814.722222222222,377.5,359.722222222222,103.378,156.464,44,-74.4444444444444,195.58,21,23,16,355.6,90
"53",1968,1967,360,95,100,87,-233.333333333333,-171.388888888889,96.9444444444444,332.222222222222,492.222222222222,322.5,55,-17.7777777777778,165.1,20.32,175.26,0,0,0,182.88,490.22,56.388,12.954,58.674,102.108,30.988,84.074,136.906,25.4587155963303,38.9312977099237,25.0814332247557,100,100,100,31.4938154138915,21.8307006885379,26,26,10,0,0,0,11,17,29,15,2,0,2,18,24,814.722222222222,377.5,359.722222222222,103.378,156.464,44,-74.4444444444444,195.58,21,23,16,355.6,93
"54",1968,1967,360,95,100,87,-233.333333333333,-171.388888888889,96.9444444444444,332.222222222222,492.222222222222,322.5,55,-17.7777777777778,165.1,20.32,175.26,0,0,0,182.88,490.22,56.388,12.954,58.674,102.108,30.988,84.074,136.906,25.4587155963303,38.9312977099237,25.0814332247557,100,100,100,31.4938154138915,21.8307006885379,26,26,10,0,0,0,11,17,29,15,2,0,2,18,24,814.722222222222,377.5,359.722222222222,103.378,156.464,44,-74.4444444444444,195.58,21,23,16,355.6,95
"55",1969,1968,346,101,121,72,-150.833333333333,-103.888888888889,8.88888888888889,298.611111111111,551.944444444444,381.111111111111,109.166666666667,-116.944444444444,124.46,553.72,416.56,0,0,0,528.32,279.4,59.944,50.8,69.342,133.096,85.852,144.018,115.57,32.5068870523416,8.40336134453782,14.2707788813382,100,100,100,21.420476010578,29.2604501607717,25,28,15,1,0,0,3,24,28,23,4,0,1,14,28,933.055555555556,490.277777777778,373.333333333333,167.894,226.06,43,-95,970.28,16,16,8,736.6,154
"56",1970,1969,351,108,122,78,-247.222222222222,-86.6666666666667,-3.33333333333333,240,521.111111111111,336.666666666667,123.333333333333,-130.277777777778,208.28,233.68,419.1,83.82,0,0,30.48,1112.52,13.97,92.964,69.088,112.776,98.552,156.464,167.386,6.28571428571429,28.4603421461897,14.1519250780437,57.3643410852713,100,100,83.695652173913,13.0779916650129,29,19,15,1,0,1,4,26,26,27,9,0,4,12,29,857.777777777778,460,329.722222222222,140.462,198.374,45,-90,652.78,16,25,4,660.4,88
"57",1971,1970,350,112,127,77,-210.555555555556,-84.4444444444444,-3.88888888888889,194.444444444444,526.944444444444,364.722222222222,158.333333333333,-105.555555555556,381,436.88,553.72,238.76,0,0,0,828.04,58.166,145.796,77.978,53.594,102.362,122.936,103.124,13.2446500867553,25.0217959895379,12.3441897868918,18.3318853171156,100,100,100,11.0747408619749,29,17,16,0,0,0,3,25,24,28,13,0,2,7,28,891.666666666667,523.055555555556,417.5,205.74,226.314,37,-88.3333333333333,990.6,15,26,3,762,131
"58",1972,1971,2,110,108,94,-99.1666666666667,-148.611111111111,0.277777777777778,172.777777777778,531.666666666667,423.888888888889,93.0555555555556,-10.5555555555556,256.54,911.86,284.48,167.64,0,0,508,228.6,65.786,113.792,99.822,120.396,184.404,101.092,97.282,20.4097714736013,11.0946012877662,25.9748843357568,41.7989417989418,100,100,16.5971643035863,29.8519095869057,20,23,17,2,0,0,6,14,27,24,13,0,0,16,23,955.555555555555,516.944444444444,506.388888888889,294.132,210.82,39,-148.333333333333,1196.34,14,19,7,558.8,149
"59",1973,1972,1,82,81,93,-55,-119.444444444444,157.5,262.777777777778,528.888888888889,261.944444444444,52.5,-29.7222222222222,393.7,261.62,7.62,88.9,0,38.1,165.1,220.98,81.026,72.39,85.344,182.372,31.496,236.728,156.972,17.0679507758159,21.6730038022814,91.8032786885246,67.2284644194757,100,75.1655629139073,58.9127686472819,41.5322580645161,15,20,2,1,0,1,11,19,26,12,8,0,7,15,27,790.833333333333,314.444444444444,284.722222222222,146.812,352.044,49,38.0555555555556,269.24,29,37,19,355.6,121
"60",1974,1973,5,100,95,97,-81.6666666666667,-127.777777777778,40,310.277777777778,511.388888888889,368.333333333333,153.888888888889,-10.2777777777778,381,213.36,276.86,134.62,0,0,0,180.34,73.914,71.374,127,68.834,76.962,55.88,234.188,16.2479061976549,25.0669045495094,31.4465408805032,33.832709113608,100,100,100,56.4950980392157,20,20,12,2,0,0,4,15,27,24,5,0,0,12,23,879.722222222222,522.222222222222,511.944444444444,149.606,128.524,35,-87.7777777777778,490.22,19,27,7,304.8,102
"61",1975,1974,360,94,99,87,-58.0555555555556,-60,9.72222222222222,169.166666666667,463.333333333333,271.666666666667,137.222222222222,-16.6666666666667,474.98,424.18,149.86,0,0,0,0,373.38,125.984,100.838,98.044,67.564,129.032,60.96,87.376,20.9636517328825,19.2065795839381,39.5491803278688,100,100,100,100,18.9636163175303,20,16,13,5,0,1,7,18,22,25,14,0,4,13,28,735,408.888888888889,392.222222222222,175.006,106.934,45,-50.2777777777778,574.04,18,30,6,406.4,135
"62",1976,1975,359,85,91,86,-220,15,106.666666666667,307.5,432.5,377.5,233.888888888889,-74.4444444444444,454.66,180.34,429.26,0,0,0,15.24,485.14,126.746,83.058,70.358,76.962,151.13,128.524,78.74,21.7999126256007,31.533269045323,14.0823589222166,100,100,100,89.3992932862191,13.963963963964,28,14,11,1,0,0,2,21,20,19,6,0,2,9,27,810,611.388888888889,536.944444444444,276.606,254,38,121.666666666667,609.6,20,34,12,457.2,104
"63",1977,1976,337,96,125,63,-261.388888888889,-80.8333333333333,146.666666666667,281.666666666667,481.111111111111,260.833333333333,54.4444444444444,-150.277777777778,396.24,419.1,817.88,38.1,0,0,124.46,218.44,40.64,69.85,222.758,111.506,111.76,20.574,69.342,9.30232558139535,14.2857142857143,21.4059067610447,74.5331069609508,100,100,14.1856392294221,24.0953221535746,31,18,8,2,0,1,8,25,25,17,8,0,4,25,30,741.944444444444,315.277777777778,165,319.532,228.346,59,65.8333333333333,1236.98,23,33,14,533.4,174
"64",1978,1977,347,105,123,74,-194.722222222222,-195.833333333333,-12.5,220.833333333333,499.444444444444,321.388888888889,153.888888888889,-101.388888888889,878.84,431.8,350.52,0,0,0,76.2,502.92,198.628,23.368,117.856,39.116,190.246,187.452,132.334,18.4347006129184,5.13392857142857,25.1626898047722,100,100,100,71.0982658959538,20.8316673330668,29,28,14,1,0,0,5,24,28,24,6,0,0,11,29,820.833333333333,475.277777777778,373.888888888889,340.614,337.82,40,-208.333333333333,782.32,17,17,7,863.6,155
"65",1979,1978,355,96,106,82,-138.611111111111,-249.444444444444,120.277777777778,232.222222222222,460,311.944444444444,144.722222222222,-38.3333333333333,464.82,320.04,22.86,124.46,0,0,187.96,462.28,285.496,86.36,83.566,119.888,69.342,69.342,108.966,38.0501015572106,21.25,78.5202863961814,49.0644490644491,100,100,26.9496544916091,19.0751445086705,22,24,5,1,0,0,8,20,28,16,7,0,3,13,28,771.944444444444,456.666666666667,418.333333333333,110.744,110.744,44,-129.166666666667,342.9,26,30,15,381,142
"66",1979,1978,355,96,106,82,-138.611111111111,-249.444444444444,120.277777777778,232.222222222222,460,311.944444444444,144.722222222222,-38.3333333333333,464.82,320.04,22.86,124.46,0,0,187.96,462.28,285.496,86.36,83.566,119.888,69.342,69.342,108.966,38.0501015572106,21.25,78.5202863961814,49.0644490644491,100,100,26.9496544916091,19.0751445086705,22,24,5,1,0,0,8,20,28,16,7,0,3,13,28,771.944444444444,456.666666666667,418.333333333333,110.744,110.744,44,-129.166666666667,342.9,26,30,15,381,143
"67",1980,1979,37,91,54,129,-108.055555555556,-144.166666666667,22.2222222222222,271.666666666667,497.777777777778,304.166666666667,213.611111111111,10.2777777777778,7.62,340.36,495.3,12.7,0,25.4,0,119.38,18.034,29.972,194.564,166.37,179.07,94.996,51.308,70.2970297029703,8.09327846364883,28.2032400589102,92.9078014184397,100,84.0510366826156,100,30.0595238095238,23,25,11,0,0,0,1,14,28,22,4,0,4,4,21,801.944444444444,517.777777777778,528.055555555556,312.928,228.854,29,-121.944444444444,835.66,20,23,9,NA,NA
"68",1981,1980,351,75,90,77,-250.277777777778,28.3333333333333,58.6111111111111,302.777777777778,536.666666666667,293.888888888889,81.3888888888889,-123.055555555556,309.88,91.44,73.66,0,0,0,261.62,215.9,13.716,169.926,10.668,87.376,59.69,96.774,26.924,4.23861852433281,65.0145772594752,12.6506024096386,100,100,100,27.0021261516655,11.0878661087866,28,12,10,0,0,0,7,23,18,22,4,0,1,17,26,830.555555555556,375.277777777778,252.222222222222,153.416,190.5,44,86.9444444444445,165.1,21,37,9,NA,NA
"69",1982,1981,347,108,126,74,-276.388888888889,-87.7777777777778,32.7777777777778,215.277777777778,473.611111111111,273.888888888889,138.888888888889,-77.2222222222222,485.14,406.4,292.1,386.08,0,0,0,754.38,113.792,97.282,76.454,123.698,92.71,38.1,104.648,18.9991518235793,19.3141704488149,20.7443142660234,24.265072247135,100,100,100,12.1821407451212,28,23,12,4,0,0,5,23,26,22,10,0,1,10,30,747.5,412.777777777778,335.555555555556,190.5,135.89,41,-55,698.5,19,24,9,558.8,160
"70",1982,1981,347,108,126,74,-276.388888888889,-87.7777777777778,32.7777777777778,215.277777777778,473.611111111111,273.888888888889,138.888888888889,-77.2222222222222,485.14,406.4,292.1,386.08,0,0,0,754.38,113.792,97.282,76.454,123.698,92.71,38.1,104.648,18.9991518235793,19.3141704488149,20.7443142660234,24.265072247135,100,100,100,12.1821407451212,28,23,12,4,0,0,5,23,26,22,10,0,1,10,30,747.5,412.777777777778,335.555555555556,190.5,135.89,41,-55,698.5,19,24,9,558.8,161
"71",1983,1982,14,92,78,106,-109.166666666667,-53.3333333333333,68.6111111111111,230.277777777778,502.222222222222,353.055555555556,192.777777777778,53.3333333333333,447.04,675.64,177.8,457.2,0,0,12.7,195.58,106.68,94.488,215.392,267.208,109.982,83.566,48.768,19.2660550458716,12.2691292875989,54.7803617571059,36.8863955119215,100,100,86.8073878627968,19.95841995842,22,15,4,0,0,0,2,13,24,21,5,0,1,10,18,855.277777777778,545.833333333333,599.166666666667,138.43,112.014,29,15.2777777777778,853.44,27,40,10,533.4,135
"72",1983,1982,14,92,78,106,-109.166666666667,-53.3333333333333,68.6111111111111,230.277777777778,502.222222222222,353.055555555556,192.777777777778,53.3333333333333,447.04,675.64,177.8,457.2,0,0,12.7,195.58,106.68,94.488,215.392,267.208,109.982,83.566,48.768,19.2660550458716,12.2691292875989,54.7803617571059,36.8863955119215,100,100,86.8073878627968,19.95841995842,22,15,4,0,0,0,2,13,24,21,5,0,1,10,18,855.277777777778,545.833333333333,599.166666666667,138.43,112.014,29,15.2777777777778,853.44,27,40,10,533.4,136
"73",1984,1983,355,103,113,82,-180.833333333333,18.8888888888889,-60.2777777777778,231.944444444444,570.555555555556,332.5,159.166666666667,-109.722222222222,530.86,238.76,1008.38,0,0,0,106.68,215.9,46.736,128.27,166.878,135.89,77.978,138.938,179.578,8.09146877748461,34.9480968858131,14.1992651826237,100,100,100,56.5667011375388,45.407835581246,26,12,17,0,0,0,2,22,15,29,7,0,4,13,27,903.055555555556,491.666666666667,381.944444444444,170.688,231.648,44,-41.3888888888889,1247.14,14,30,2,533.4,181
"74",1985,1984,5,80,75,97,-186.388888888889,-54.7222222222222,116.944444444444,304.722222222222,476.944444444444,410.277777777778,147.222222222222,51.9444444444444,304.8,289.56,88.9,144.78,0,0,0,149.86,20.574,46.482,69.85,49.276,31.242,50.546,79.756,6.3231850117096,13.8321995464853,44,25.3926701570681,100,100,100,34.7345132743363,29,19,6,2,0,0,3,9,23,19,7,0,1,14,21,887.222222222222,557.5,609.444444444444,78.994,98.298,36,62.2222222222222,378.46,25,34,12,NA,NA
"75",1986,1985,354,92,103,81,-100.277777777778,-131.666666666667,93.6111111111111,297.777777777778,542.222222222222,357.222222222222,158.333333333333,-118.333333333333,292.1,497.84,53.34,218.44,0,0,139.7,363.22,112.268,99.822,103.632,89.408,153.924,164.084,63.5,27.7638190954774,16.7020824479388,66.0194174757282,29.042904290429,100,100,54.0133779264214,14.8809523809524,21,26,9,0,0,0,6,25,27,20,4,0,1,12,29,899.444444444444,515.555555555556,397.222222222222,218.186,228.346,42,-38.0555555555555,551.18,22,24,11,NA,NA
"76",1987,1986,353,90,102,80,-132.5,-109.444444444444,107.222222222222,286.944444444444,486.388888888889,353.611111111111,93.6111111111111,-18.3333333333333,916.94,83.82,0,76.2,0,0,436.88,320.04,113.538,6.096,108.712,213.614,20.32,158.242,105.41,11.0179935913236,6.77966101694915,100,73.7072743207712,100,100,26.5898420827998,24.7761194029851,27,24,10,0,0,0,6,17,28,18,4,0,3,16,31,840,447.222222222222,428.888888888889,111.506,249.428,50,-2.22222222222223,83.82,21,25,13,NA,NA
"77",1988,1987,365,96,96,92,-136.944444444444,-78.6111111111111,84.4444444444444,243.611111111111,488.611111111111,296.388888888889,164.722222222222,6.94444444444445,708.66,650.24,93.98,7.62,0,50.8,233.68,340.36,73.152,102.362,29.464,54.61,283.718,81.788,50.546,9.35672514619883,13.6010799865002,23.8683127572016,87.7551020408163,100,71.9495091164095,25.9259259259259,12.9304743339831,24,22,9,0,0,0,4,12,26,22,6,0,0,10,22,785,461.111111111111,468.055555555556,414.02,212.09,32,5.83333333333333,744.22,22,28,9,558.8,118
"78",1988,1987,365,96,96,92,-136.944444444444,-78.6111111111111,84.4444444444444,243.611111111111,488.611111111111,296.388888888889,164.722222222222,6.94444444444445,708.66,650.24,93.98,7.62,0,50.8,233.68,340.36,73.152,102.362,29.464,54.61,283.718,81.788,50.546,9.35672514619883,13.6010799865002,23.8683127572016,87.7551020408163,100,71.9495091164095,25.9259259259259,12.9304743339831,24,22,9,0,0,0,4,12,26,22,6,0,0,10,22,785,461.111111111111,468.055555555556,414.02,212.09,32,5.83333333333333,744.22,22,28,9,558.8,136
"79",1989,1988,348,87,105,74,-34.4444444444444,-90.2777777777778,68.3333333333333,237.5,496.944444444444,256.944444444444,168.055555555556,-57.5,99.06,127,134.62,0,0,0,0,0,46.228,60.452,67.818,81.28,63.246,155.956,17.018,31.8181818181818,32.2493224932249,33.5006273525721,100,100,100,100,100,14,21,13,0,0,0,1,19,25,23,9,0,3,6,27,753.888888888889,425,367.5,122.428,215.138,36,-21.9444444444445,261.62,18,25,8,50.8,99
"80",1989,1988,348,87,105,74,-34.4444444444444,-90.2777777777778,68.3333333333333,237.5,496.944444444444,256.944444444444,168.055555555556,-57.5,99.06,127,134.62,0,0,0,0,0,46.228,60.452,67.818,81.28,63.246,155.956,17.018,31.8181818181818,32.2493224932249,33.5006273525721,100,100,100,100,100,14,21,13,0,0,0,1,19,25,23,9,0,3,6,27,753.888888888889,425,367.5,122.428,215.138,36,-21.9444444444445,261.62,18,25,8,50.8,128
"81",1989,1988,348,87,105,74,-34.4444444444444,-90.2777777777778,68.3333333333333,237.5,496.944444444444,256.944444444444,168.055555555556,-57.5,99.06,127,134.62,0,0,0,0,0,46.228,60.452,67.818,81.28,63.246,155.956,17.018,31.8181818181818,32.2493224932249,33.5006273525721,100,100,100,100,100,14,21,13,0,0,0,1,19,25,23,9,0,3,6,27,753.888888888889,425,367.5,122.428,215.138,36,-21.9444444444445,261.62,18,25,8,50.8,129
"82",1989,1988,348,87,105,74,-34.4444444444444,-90.2777777777778,68.3333333333333,237.5,496.944444444444,256.944444444444,168.055555555556,-57.5,99.06,127,134.62,0,0,0,0,0,46.228,60.452,67.818,81.28,63.246,155.956,17.018,31.8181818181818,32.2493224932249,33.5006273525721,100,100,100,100,100,14,21,13,0,0,0,1,19,25,23,9,0,3,6,27,753.888888888889,425,367.5,122.428,215.138,36,-21.9444444444445,261.62,18,25,8,50.8,130
"83",1989,1988,348,87,105,74,-34.4444444444444,-90.2777777777778,68.3333333333333,237.5,496.944444444444,256.944444444444,168.055555555556,-57.5,99.06,127,134.62,0,0,0,0,0,46.228,60.452,67.818,81.28,63.246,155.956,17.018,31.8181818181818,32.2493224932249,33.5006273525721,100,100,100,100,100,14,21,13,0,0,0,1,19,25,23,9,0,3,6,27,753.888888888889,425,367.5,122.428,215.138,36,-21.9444444444445,261.62,18,25,8,50.8,163
"84",1989,1988,348,87,105,74,-34.4444444444444,-90.2777777777778,68.3333333333333,237.5,496.944444444444,256.944444444444,168.055555555556,-57.5,99.06,127,134.62,0,0,0,0,0,46.228,60.452,67.818,81.28,63.246,155.956,17.018,31.8181818181818,32.2493224932249,33.5006273525721,100,100,100,100,100,14,21,13,0,0,0,1,19,25,23,9,0,3,6,27,753.888888888889,425,367.5,122.428,215.138,36,-21.9444444444445,261.62,18,25,8,50.8,172
"85",1990,1989,339,76,102,66,26.1111111111111,-4.16666666666667,131.111111111111,285.277777777778,506.388888888889,363.333333333333,122.777777777778,-274.444444444444,297.18,439.42,342.9,0,0,0,101.6,355.6,130.556,104.902,96.266,91.694,169.164,66.802,39.878,30.5225653206651,19.272048530098,21.9201850780798,100,100,100,39.6681749622926,10.0834938985228,12,13,8,0,0,0,6,31,23,18,7,0,1,14,31,869.722222222222,486.111111111111,211.666666666667,347.472,245.11,46,126.944444444444,782.32,23,38,13,355.6,148
"86",1991,1990,10,83,73,102,-94.4444444444444,5.27777777777778,106.666666666667,323.888888888889,501.388888888889,420.277777777778,190.833333333333,54.7222222222222,259.08,165.1,292.1,0,0,0,0,248.92,72.644,45.72,128.016,78.994,27.178,81.788,204.47,21.8989280245023,21.6867469879518,30.4715840386941,100,100,100,100,45.0980392156863,21,17,7,0,0,0,3,11,20,21,5,0,1,10,25,921.666666666667,611.111111111111,665.833333333333,206.502,261.112,36,111.944444444444,457.2,24,35,10,203.2,166
"87",1992,1991,359,99,105,86,-81.3888888888889,-57.5,-1.94444444444445,212.777777777778,477.222222222222,358.611111111111,146.388888888889,-1.38888888888889,132.08,203.2,254,0,0,0,58.42,147.32,76.708,54.356,103.886,87.63,140.97,112.014,91.948,36.7396593673966,21.1045364891519,29.02767920511,100,100,100,65.7228017883756,38.4288747346072,20,20,16,0,0,0,4,15,26,22,9,0,2,13,22,835.833333333333,505,503.611111111111,219.202,190.246,37,-59.4444444444444,457.2,15,23,9,177.8,175
"88",1993,1992,11,107,96,103,-68.0555555555556,-166.666666666667,-10,260.277777777778,493.055555555556,285,100,-35.5555555555556,228.6,530.86,855.98,0,0,0,83.82,558.8,73.914,95.25,160.528,153.67,90.932,118.872,115.316,24.4332493702771,15.2129817444219,15.792103948026,100,100,100,58.6466165413534,17.1062547098719,21,24,15,0,0,0,7,20,28,22,4,0,3,16,24,778.055555555556,385,349.444444444444,155.702,183.642,43,-176.666666666667,1386.84,16,20,9,889,165
"89",1993,1992,11,107,96,103,-68.0555555555556,-166.666666666667,-10,260.277777777778,493.055555555556,285,100,-35.5555555555556,228.6,530.86,855.98,0,0,0,83.82,558.8,73.914,95.25,160.528,153.67,90.932,118.872,115.316,24.4332493702771,15.2129817444219,15.792103948026,100,100,100,58.6466165413534,17.1062547098719,21,24,15,0,0,0,7,20,28,22,4,0,3,16,24,778.055555555556,385,349.444444444444,155.702,183.642,43,-176.666666666667,1386.84,16,20,9,889,166
"90",1994,1993,359,107,113,86,-273.611111111111,-150.555555555556,31.3888888888889,300.833333333333,478.888888888889,306.388888888889,146.388888888889,-64.1666666666667,904.24,497.84,510.54,0,0,0,0,205.74,136.398,73.66,147.828,76.962,164.592,106.934,113.792,13.1071515743227,12.8888888888889,22.4537037037037,100,100,100,100,35.6120826709062,29,23,9,0,0,0,2,16,24,24,3,0,2,11,24,785.277777777778,452.777777777778,388.611111111111,298.196,240.538,37,-119.166666666667,1008.38,22,27,7,812.8,134
"91",1994,1993,359,107,113,86,-273.611111111111,-150.555555555556,31.3888888888889,300.833333333333,478.888888888889,306.388888888889,146.388888888889,-64.1666666666667,904.24,497.84,510.54,0,0,0,0,205.74,136.398,73.66,147.828,76.962,164.592,106.934,113.792,13.1071515743227,12.8888888888889,22.4537037037037,100,100,100,100,35.6120826709062,29,23,9,0,0,0,2,16,24,24,3,0,2,11,24,785.277777777778,452.777777777778,388.611111111111,298.196,240.538,37,-119.166666666667,1008.38,22,27,7,812.8,135
"92",1994,1993,359,107,113,86,-273.611111111111,-150.555555555556,31.3888888888889,300.833333333333,478.888888888889,306.388888888889,146.388888888889,-64.1666666666667,904.24,497.84,510.54,0,0,0,0,205.74,136.398,73.66,147.828,76.962,164.592,106.934,113.792,13.1071515743227,12.8888888888889,22.4537037037037,100,100,100,100,35.6120826709062,29,23,9,0,0,0,2,16,24,24,3,0,2,11,24,785.277777777778,452.777777777778,388.611111111111,298.196,240.538,37,-119.166666666667,1008.38,22,27,7,812.8,136
"93",1994,1993,359,107,113,86,-273.611111111111,-150.555555555556,31.3888888888889,300.833333333333,478.888888888889,306.388888888889,146.388888888889,-64.1666666666667,904.24,497.84,510.54,0,0,0,0,205.74,136.398,73.66,147.828,76.962,164.592,106.934,113.792,13.1071515743227,12.8888888888889,22.4537037037037,100,100,100,100,35.6120826709062,29,23,9,0,0,0,2,16,24,24,3,0,2,11,24,785.277777777778,452.777777777778,388.611111111111,298.196,240.538,37,-119.166666666667,1008.38,22,27,7,812.8,137
"94",1994,1993,359,107,113,86,-273.611111111111,-150.555555555556,31.3888888888889,300.833333333333,478.888888888889,306.388888888889,146.388888888889,-64.1666666666667,904.24,497.84,510.54,0,0,0,0,205.74,136.398,73.66,147.828,76.962,164.592,106.934,113.792,13.1071515743227,12.8888888888889,22.4537037037037,100,100,100,100,35.6120826709062,29,23,9,0,0,0,2,16,24,24,3,0,2,11,24,785.277777777778,452.777777777778,388.611111111111,298.196,240.538,37,-119.166666666667,1008.38,22,27,7,812.8,154
"95",1994,1993,359,107,113,86,-273.611111111111,-150.555555555556,31.3888888888889,300.833333333333,478.888888888889,306.388888888889,146.388888888889,-64.1666666666667,904.24,497.84,510.54,0,0,0,0,205.74,136.398,73.66,147.828,76.962,164.592,106.934,113.792,13.1071515743227,12.8888888888889,22.4537037037037,100,100,100,100,35.6120826709062,29,23,9,0,0,0,2,16,24,24,3,0,2,11,24,785.277777777778,452.777777777778,388.611111111111,298.196,240.538,37,-119.166666666667,1008.38,22,27,7,812.8,155
"96",1995,1994,30,83,53,122,-23.0555555555556,-121.944444444444,127.5,212.777777777778,488.055555555556,348.333333333333,228.888888888889,39.4444444444444,144.78,353.06,38.1,170.18,0,0,40.64,38.1,102.616,66.04,74.93,65.024,124.46,101.6,84.328,41.4784394250513,15.7575757575758,66.2921348314607,27.645788336933,100,100,71.4285714285714,68.8796680497925,19,20,6,2,0,0,2,11,28,13,11,0,0,9,21,836.388888888889,577.222222222222,616.666666666667,155.702,132.842,30,5.55555555555556,391.16,25,33,18,279.4,127
"97",1996,1995,344,99,120,71,-155.555555555556,-90.2777777777778,1.94444444444445,245.277777777778,481.111111111111,428.055555555556,66.9444444444444,-126.944444444444,1010.92,299.72,543.56,193.04,0,0,365.76,723.9,165.608,58.674,81.788,195.326,82.55,152.146,69.85,14.0759930915371,16.3713678242381,13.0787977254265,50.2943100065402,100,100,29.3771456596371,8.8,25,17,16,0,0,0,10,27,21,24,8,0,0,20,30,909.166666666667,495,368.055555555556,364.236,433.832,50,-88.3333333333333,843.28,15,26,7,NA,NA
"98",1997,1996,1,97,96,93,-133.611111111111,7.5,51.3888888888889,246.666666666667,510,335.277777777778,68.6111111111111,21.3888888888889,251.46,231.14,368.3,259.08,0,0,0,695.96,69.596,52.324,133.096,74.168,251.968,62.484,226.568,21.6772151898734,18.4587813620072,26.5450861195542,22.2560975609756,100,100,100,24.5594713656388,25,13,12,0,0,0,9,11,23,24,7,0,3,20,21,845.277777777778,403.888888888889,425.277777777778,428.498,239.014,44,58.8888888888889,599.44,19,34,7,482.6,69
"99",1998,1997,20,87,67,112,-10.5555555555556,24.1666666666667,119.166666666667,312.777777777778,505.833333333333,338.888888888889,88.0555555555556,-4.72222222222222,205.74,101.6,218.44,0,0,0,154.94,528.32,122.428,75.438,93.726,123.698,131.318,162.306,100.076,37.3065015479876,42.6111908177905,30.0244100895037,100,100,100,51.1609287429944,15.9256265157639,19,10,10,0,0,0,8,18,22,21,3,0,2,14,25,844.722222222222,426.944444444444,422.222222222222,188.468,219.456,41,143.333333333333,320.04,21,39,10,NA,NA
"100",1999,1998,2,92,90,94,-113.611111111111,-13.8888888888889,68.8888888888889,284.444444444444,568.611111111111,364.722222222222,161.111111111111,83.0555555555556,322.58,170.18,396.24,10.16,0,0,0,144.78,177.546,78.994,146.558,29.972,50.546,62.23,31.75,35.5002539360081,31.7023445463812,27.0004679457183,74.6835443037975,100,100,100,17.9856115107914,22,13,10,0,0,0,0,12,25,22,3,0,0,6,16,933.333333333333,525.833333333333,608.888888888889,159.258,170.942,22,55,566.42,21,36,9,NA,NA
"101",2000,1999,20,86,66,112,-126.111111111111,-29.4444444444444,173.611111111111,259.166666666667,567.777777777778,336.666666666667,232.222222222222,14.4444444444444,579.12,271.78,73.66,86.36,0,0,0,10.16,89.662,89.408,108.966,121.666,245.11,78.232,52.832,13.4067603494113,24.7538677918425,59.6662030598053,58.4859584859585,100,100,100,83.8709677419355,21,16,2,0,0,0,2,13,23,16,5,0,3,7,23,904.444444444444,568.888888888889,583.333333333333,323.596,156.718,33,144.166666666667,345.44,29,41,15,457.2,142
"102",2000,1999,20,86,66,112,-126.111111111111,-29.4444444444444,173.611111111111,259.166666666667,567.777777777778,336.666666666667,232.222222222222,14.4444444444444,579.12,271.78,73.66,86.36,0,0,0,10.16,89.662,89.408,108.966,121.666,245.11,78.232,52.832,13.4067603494113,24.7538677918425,59.6662030598053,58.4859584859585,100,100,100,83.8709677419355,21,16,2,0,0,0,2,13,23,16,5,0,3,7,23,904.444444444444,568.888888888889,583.333333333333,323.596,156.718,33,144.166666666667,345.44,29,41,15,457.2,143
"103",2000,1999,20,86,66,112,-126.111111111111,-29.4444444444444,173.611111111111,259.166666666667,567.777777777778,336.666666666667,232.222222222222,14.4444444444444,579.12,271.78,73.66,86.36,0,0,0,10.16,89.662,89.408,108.966,121.666,245.11,78.232,52.832,13.4067603494113,24.7538677918425,59.6662030598053,58.4859584859585,100,100,100,83.8709677419355,21,16,2,0,0,0,2,13,23,16,5,0,3,7,23,904.444444444444,568.888888888889,583.333333333333,323.596,156.718,33,144.166666666667,345.44,29,41,15,457.2,144
"104",2001,2000,354,110,122,80,-89.4444444444444,-48.6111111111111,-6.38888888888889,296.944444444444,509.722222222222,375.277777777778,121.388888888889,-129.722222222222,393.7,596.9,751.84,2.54,0,0,86.36,736.6,54.102,70.104,174.752,35.052,116.078,101.854,167.894,12.0816789563244,10.5102817974105,18.859649122807,93.2432432432432,100,100,54.1160593792173,18.562201628756,26,16,13,0,0,0,5,26,25,26,5,0,4,10,30,885,496.666666666667,366.944444444444,160.528,146.304,44,-55,1348.74,18,30,5,812.8,160
"105",2002,2001,34,68,34,126,24.7222222222222,45.2777777777778,117.5,317.222222222222,543.055555555556,404.166666666667,253.888888888889,80.2777777777778,462.28,50.8,284.48,0,0,0,0,162.56,35.052,30.734,104.902,103.378,99.06,19.812,62.23,7.04800817160368,37.6947040498442,26.9406392694064,100,100,100,100,27.683615819209,14,8,6,0,0,0,0,12,23,21,4,0,1,4,16,947.222222222222,658.055555555556,738.333333333333,114.554,35.306,21,162.777777777778,335.28,25,45,10,254,112
"106",2002,2001,34,68,34,126,24.7222222222222,45.2777777777778,117.5,317.222222222222,543.055555555556,404.166666666667,253.888888888889,80.2777777777778,462.28,50.8,284.48,0,0,0,0,162.56,35.052,30.734,104.902,103.378,99.06,19.812,62.23,7.04800817160368,37.6947040498442,26.9406392694064,100,100,100,100,27.683615819209,14,8,6,0,0,0,0,12,23,21,4,0,1,4,16,947.222222222222,658.055555555556,738.333333333333,114.554,35.306,21,162.777777777778,335.28,25,45,10,254,113
"107",2003,2002,6,107,101,98,-211.388888888889,-126.388888888889,94.7222222222222,232.222222222222,576.944444444444,285.277777777778,123.055555555556,-46.6666666666667,629.92,561.34,276.86,139.7,0,0,147.32,632.46,98.806,91.948,102.108,50.546,133.35,146.304,142.24,13.5587312652492,14.0746500777605,26.9436997319035,26.5687583444593,100,100,49.8269896193772,18.3606557377049,28,21,9,7,0,0,4,19,25,21,11,0,5,14,27,862.222222222222,408.333333333333,361.666666666667,340.106,353.06,46,-31.6666666666667,838.2,22,29,10,NA,NA
"108",2004,2003,8,96,88,100,-243.888888888889,-63.3333333333333,118.055555555556,290.555555555556,525.555555555556,324.722222222222,204.444444444444,-8.33333333333333,393.7,233.68,398.78,0,0,12.7,0,480.06,60.452,52.07,66.294,106.68,220.472,132.08,165.862,13.3109619686801,18.2222222222222,14.2545057345713,100,100,92.3664122137405,100,25.6783326779394,27,19,7,0,0,0,2,15,28,19,2,0,2,9,24,850.277777777778,529.166666666667,520.833333333333,374.142,285.75,35,54.7222222222222,632.46,24,33,12,NA,NA
"109",2005,2004,16,99,83,108,-167.222222222222,-30.5555555555556,6.94444444444444,326.944444444444,547.777777777778,329.166666666667,171.666666666667,-30.8333333333333,833.12,243.84,756.92,0,0,0,88.9,160.02,180.594,68.58,149.098,154.94,217.424,93.98,124.206,17.8150839388624,21.9512195121951,16.4564059433698,100,100,100,51.3888888888889,43.6997319034853,25,19,11,0,0,0,3,17,25,28,2,0,0,9,22,876.944444444445,500.833333333333,470,287.02,163.576,31,-23.6111111111111,1000.76,20,29,3,508,152
"110",2006,2005,348,86,103,75,36.3888888888889,-36.6666666666667,90.5555555555556,327.5,612.5,353.055555555556,212.5,-74.4444444444444,558.8,144.78,124.46,0,0,0,78.74,401.32,167.894,53.848,23.114,109.22,54.864,124.46,110.236,23.1038098566935,27.1099744245524,15.6626506024096,100,100,100,61.25,21.5491559086395,11,19,11,0,0,0,5,22,23,18,3,0,0,7,28,965.555555555556,565.555555555556,491.111111111111,517.398,586.994,35,53.8888888888889,269.24,20,29,13,355.6,95
"111",2006,2005,348,86,103,75,36.3888888888889,-36.6666666666667,90.5555555555556,327.5,612.5,353.055555555556,212.5,-74.4444444444444,558.8,144.78,124.46,0,0,0,78.74,401.32,167.894,53.848,23.114,109.22,54.864,124.46,110.236,23.1038098566935,27.1099744245524,15.6626506024096,100,100,100,61.25,21.5491559086395,11,19,11,0,0,0,5,22,23,18,3,0,0,7,28,965.555555555556,565.555555555556,491.111111111111,517.398,586.994,35,53.8888888888889,269.24,20,29,13,355.6,96
"112",2007,2006,23,106,83,115,-18.3333333333333,-163.888888888889,61.6666666666667,230.555555555556,484.722222222222,325.555555555556,232.222222222222,109.444444444444,50.8,441.96,464.82,53.34,0,0,0,0,92.964,71.12,143.764,211.582,162.306,111.76,60.198,64.6643109540636,13.8613861386139,23.6227045075125,79.8657718120805,100,100,100,100,17,25,12,3,0,0,0,6,27,19,9,0,1,6,17,810.277777777778,557.777777777778,667.222222222222,358.394,307.848,24,-102.222222222222,906.78,19,22,12,406.4,171
"113",2008,2007,347,99,117,74,-44.1666666666667,-66.3888888888889,57.2222222222222,352.222222222222,567.777777777778,466.111111111111,116.111111111111,-49.1666666666667,330.2,566.42,96.52,7.62,0,0,48.26,548.64,52.578,256.286,222.758,104.394,33.782,95.25,175.514,13.735899137359,31.1515899969126,69.769291964996,93.1972789115646,100,100,66.3716814159292,24.23710978604,20,19,4,0,0,0,1,23,28,23,2,0,0,16,30,1033.88888888889,582.222222222222,533.055555555556,179.832,241.3,46,-9.16666666666666,662.94,27,36,8,431.8,153
"114",2008,2007,347,99,117,74,-44.1666666666667,-66.3888888888889,57.2222222222222,352.222222222222,567.777777777778,466.111111111111,116.111111111111,-49.1666666666667,330.2,566.42,96.52,7.62,0,0,48.26,548.64,52.578,256.286,222.758,104.394,33.782,95.25,175.514,13.735899137359,31.1515899969126,69.769291964996,93.1972789115646,100,100,66.3716814159292,24.23710978604,20,19,4,0,0,0,1,23,28,23,2,0,0,16,30,1033.88888888889,582.222222222222,533.055555555556,179.832,241.3,46,-9.16666666666666,662.94,27,36,8,431.8,154
"115",2009,2008,366,89,89,92,-198.888888888889,-30.8333333333333,106.111111111111,326.388888888889,535.833333333333,318.055555555556,127.777777777778,-33.0555555555556,485.14,193.04,58.42,0,0,0,7.62,454.66,87.884,33.782,86.868,76.2,153.67,75.946,208.534,15.3368794326241,14.8936170212766,59.7902097902098,100,100,100,90.8814589665653,31.443891229414,31,16,7,0,0,0,6,18,23,17,3,0,2,14,28,853.888888888889,445.833333333333,412.777777777778,258.826,181.102,44,75.2777777777778,251.46,24,36,14,482.6,126
"116",2009,2008,366,89,89,92,-198.888888888889,-30.8333333333333,106.111111111111,326.388888888889,535.833333333333,318.055555555556,127.777777777778,-33.0555555555556,485.14,193.04,58.42,0,0,0,7.62,454.66,87.884,33.782,86.868,76.2,153.67,75.946,208.534,15.3368794326241,14.8936170212766,59.7902097902098,100,100,100,90.8814589665653,31.443891229414,31,16,7,0,0,0,6,18,23,17,3,0,2,14,28,853.888888888889,445.833333333333,412.777777777778,258.826,181.102,44,75.2777777777778,251.46,24,36,14,482.6,127
"117",2010,2009,8,89,81,100,-104.444444444444,-65.2777777777778,183.888888888889,389.166666666667,487.777777777778,301.388888888889,227.777777777778,-58.8888888888889,256.54,1341.12,58.42,0,0,33.02,0,439.42,68.58,159.512,209.55,51.054,51.816,38.354,160.02,21.09375,10.6296547054841,78.1990521327014,100,100,79.8136645962733,100,26.6949152542373,24,23,1,0,0,0,0,21,28,11,0,0,2,1,25,789.166666666667,529.166666666667,470.277777777778,182.372,168.91,28,118.611111111111,1399.54,30,35,20,990.6,149
"118",2011,2010,353,100,112,80,-150.277777777778,-62.5,77.5,286.666666666667,547.222222222222,360.833333333333,156.388888888889,-96.9444444444444,739.14,416.56,213.36,60.96,0,0,2.54,368.3,74.676,128.778,179.324,176.276,87.376,82.804,103.886,9.17602996254682,23.6143455985095,45.6662354463131,74.3040685224839,100,100,97.0238095238095,22.0010758472297,29,20,8,0,0,0,0,26,25,23,2,0,0,12,30,908.055555555555,517.222222222222,420.277777777778,244.856,240.284,42,15,629.92,23,31,8,NA,NA
"119",2012,2011,16,76,60,108,-35.2777777777778,48.6111111111111,274.444444444444,307.777777777778,543.333333333333,350.833333333333,250.833333333333,71.6666666666667,210.82,292.1,58.42,0,0,439.42,0,12.7,89.916,42.164,42.672,74.676,306.832,96.012,116.586,29.8986486486486,12.6139817629179,42.2110552763819,100,100,26.9425675675676,100,90.1768172888016,16,8,5,0,0,0,0,6,24,13,2,0,3,5,20,894.166666666667,601.666666666667,673.333333333333,468.884,258.064,28,323.055555555556,350.52,26,46,18,NA,NA
"120",2013,2012,3,101,98,95,-60.5555555555556,-69.7222222222222,31.9444444444444,269.444444444444,513.333333333333,369.166666666667,112.222222222222,31.3888888888889,132.08,408.94,411.48,0,0,0,60.96,317.5,69.088,72.136,86.106,67.31,188.722,24.384,144.78,34.3434343434343,14.9947201689546,17.3047473200613,100,100,100,28.5714285714286,31.3186813186813,17,18,13,0,0,0,5,12,26,26,7,0,0,17,20,882.5,481.388888888889,512.777777777778,328.676,164.338,37,-37.7777777777778,820.42,18,28,5,NA,NA
"121",2014,2013,355,102,112,82,-180,-118.611111111111,-24.4444444444444,280.277777777778,505,393.055555555556,110.555555555556,-34.1666666666667,284.48,982.98,2.54,7.62,0,0,33.02,467.36,100.838,122.174,88.646,118.872,46.228,96.774,116.586,26.1700725115359,11.0549299011721,97.2144846796657,93.9759036144578,100,100,74.559686888454,19.965202261853,25,21,16,0,0,0,9,18,24,25,5,0,0,15,23,898.055555555556,503.611111111111,469.444444444444,122.428,172.974,38,-143.055555555556,985.52,15,22,6,NA,NA
"122",2015,2014,365,107,107,92,-174.444444444444,-240.833333333333,-10.8333333333333,278.055555555556,541.111111111111,388.888888888889,115.833333333333,19.7222222222222,444.5,612.14,254,50.8,0,0,325.12,33.02,86.614,63.754,50.546,111.76,29.718,98.298,96.012,16.3079866092779,9.43254415633221,16.5971643035863,68.75,100,100,23.2153569286143,74.4094488188976,29,28,17,0,0,0,10,12,28,27,7,0,0,16,24,930,504.722222222222,524.444444444444,171.45,240.03,40,-251.666666666667,866.14,14,14,4,NA,NA
"123",2016,2015,24,70,46,116,-66.9444444444444,-3.05555555555555,205.833333333333,258.055555555556,602.777777777778,333.611111111111,241.666666666667,175,20.32,139.7,7.62,180.34,0,0,0,40.64,59.436,115.824,23.368,50.038,197.358,110.49,139.446,74.5222929936306,45.3280318091451,75.4098360655738,21.7199558985667,100,100,100,77.4330042313117,21,13,4,3,0,0,2,2,22,15,9,0,3,7,9,936.388888888889,575.277777777778,750.277777777778,278.892,192.024,19,202.777777777778,147.32,27,42,16,NA,NA
"124",2017,2016,351,97,112,77,-3.33333333333333,62.5,24.1666666666667,373.333333333333,578.055555555556,364.166666666667,205.555555555556,-14.4444444444444,198.12,447.04,515.62,0,0,25.4,134.62,452.12,105.156,72.39,108.966,118.872,39.878,113.03,111.252,34.6733668341709,13.9364303178484,17.446116307442,100,100,79.2099792099792,45.6410256410256,19.7475202885482,13,15,12,0,0,0,3,14,21,24,2,0,3,8,27,942.222222222222,569.722222222222,555.277777777778,136.652,209.804,38,86.6666666666667,962.66,19,32,7,457.2,165
"125",2018,2017,361,101,105,88,-125.555555555556,30.5555555555556,42.7777777777778,198.055555555556,555.277777777778,459.722222222222,136.111111111111,-73.3333333333333,342.9,307.34,635,86.36,0,0,0,220.98,117.094,127.254,95.504,114.808,59.182,13.97,60.198,25.4555494202098,29.281122150789,13.0737134909597,57.0707070707071,100,100,100,21.4092140921409,20,14,11,1,0,0,2,19,20,27,14,0,0,15,25,1015,595.833333333333,522.5,216.154,170.942,40,73.3333333333333,942.34,20,34,4,NA,NA
"126",2019,2018,346,92,111,73,-118.888888888889,-39.4444444444444,67.5,309.166666666667,550,331.111111111111,87.7777777777778,21.3888888888889,373.38,220.98,129.54,0,0,0,241.3,5.08,165.608,67.564,46.482,117.602,322.58,207.01,133.35,30.7257304429783,23.4154929577465,26.4069264069264,100,100,100,46.1756373937677,96.3302752293578,22,15,9,0,0,0,5,14,25,22,7,0,2,15,25,881.111111111111,418.888888888889,440.277777777778,449.58,334.01,42,28.0555555555556,350.52,22,35,9,228.6,47
"127",2020,2019,NA,NA,NA,NA,18.8888888888889,19.7222222222222,188.888888888889,231.388888888889,546.666666666667,378.611111111111,87.7777777777778,-7.5,88.9,76.2,50.8,0,0,0,0,388.62,37.338,41.148,59.182,80.772,39.624,65.024,150.876,29.5774647887324,35.0649350649351,53.810623556582,100,100,100,100,27.9661016949153,11,12,1,0,0,0,6,16,23,12,5,0,0,16,22,925.277777777778,466.388888888889,458.888888888889,228.854,254.254,38,208.611111111111,127,30,46,19,NA,NA
